origen_aseguradora,id_original,marca,modelo,anio,version_original,transmision,activo
ZURICH,72315,ACURA,ADX,2025,ADX A-SPEC SUV AUT AA EE CD BA QC VP 190HP ABS 1.5L 4CIL 5P 5OCUP,,1
ZURICH,72316,ACURA,ADX,2025,ADX ADVANCE SUV AUT AA EE CD BA QC VP 190HP ABS 1.5L 4CIL 5P 5OCUP,,1
ZURICH,32380,ACURA,ILX,2013,PREMIUM SEDAN AUT AA EE CD BA QC VP 150HP ABS 2L 4CIL 4P 5OCUP,AUTO,1
ZURICH,32381,ACURA,ILX,2013,TECH SEDAN AUT AA EE CD BA QC VP 150HP ABS 2L 4CIL 4P 5OCUP,AUTO,1
ZURICH,32382,ACURA,ILX,2014,PREMIUM SEDAN AUT AA EE CD BA QC VP 150HP ABS 2L 4CIL 4P 5OCUP,AUTO,1
ZURICH,32383,ACURA,ILX,2014,TECH SEDAN AUT AA EE CD BA QC VP 150HP ABS 2L 4CIL 4P 5OCUP,AUTO,1
ZURICH,32384,ACURA,ILX,2014,LUXURY SEDAN AUT AA EE CD BA QC 150HP ABS 2L 4CIL 4P 5OCUP,AUTO,1
ZURICH,32385,ACURA,ILX,2015,PREMIUM SEDAN AUT AA EE CD BA QC VP 150HP ABS 2L 4CIL 4P 5OCUP,AUTO,1
ZURICH,32386,ACURA,ILX,2015,TECH SEDAN AUT AA EE CD BA QC VP 150HP ABS 2L 4CIL 4P 5OCUP,AUTO,1
ZURICH,32387,ACURA,ILX,2016,TECH SEDAN AUT AA EE CD BA QC VP 150HP ABS 2L 4CIL 4P 5OCUP,AUTO,1
ZURICH,32388,ACURA,ILX,2016,A-SPEC SEDAN AUT AA EE CD BA QC VP 201HP ABS 2L 4CIL 4P 5OCUP,AUTO,1
ZURICH,32389,ACURA,ILX,2017,TECH SEDAN AUT AA EE CD BA QC VP 150HP ABS 2L 4CIL 4P 5OCUP,AUTO,1
ZURICH,32390,ACURA,ILX,2017,A-SPEC SEDAN AUT AA EE CD BA QC VP 201HP ABS 2L 4CIL 4P 5OCUP,AUTO,1
ZURICH,32391,ACURA,ILX,2018,TECH SEDAN AUT AA EE CD BA QC VP 150HP ABS 2L 4CIL 4P 5OCUP,AUTO,1
ZURICH,32392,ACURA,ILX,2018,A-SPEC SEDAN AUT AA EE CD BA QC VP 201HP ABS 2L 4CIL 4P 5OCUP,AUTO,1
ZURICH,55529,ACURA,ILX,2019,TECH SEDAN AUT AA EE CD BA QC VP 150HP ABS 2L 4CIL 4P 5OCUP,AUTO,1
ZURICH,55530,ACURA,ILX,2019,A-SPEC SEDAN AUT AA EE CD BA QC VP 201HP ABS 2L 4CIL 4P 5OCUP,AUTO,1
ZURICH,55531,ACURA,ILX,2020,TECH SEDAN AUT AA EE CD BA QC VP 150HP ABS 2L 4CIL 4P 5OCUP,AUTO,1
ZURICH,55532,ACURA,ILX,2020,A-SPEC SEDAN AUT AA EE CD BA QC VP 201HP ABS 2L 4CIL 4P 5OCUP,AUTO,1
ZURICH,69744,ACURA,INTEGRA,2023,A-SPEC SEDAN CVT AA EE CD BA QC VP 200HP ABS 1.5L 4CIL 4P 5OCUP,AUTO,1
ZURICH,70566,ACURA,INTEGRA,2024,TYPE S SEDAN STD AA EE MP3 USB BA QC VP 315HP ABS 2L 4CIL 4P 5OCUP,MANUAL,1
ZURICH,70567,ACURA,INTEGRA,2024,A-SPEC SEDAN CVT AA EE CD BA QC VP 200HP ABS 1.5L 4CIL 4P 5OCUP,AUTO,1
ZURICH,72313,ACURA,INTEGRA,2025,INTEGRA TYPE S SEDAN STD AA EE MP3 USB BA QC VP 315HP ABS 2L 4CIL 4P 5OCUP,,1
ZURICH,72314,ACURA,INTEGRA,2025,INTEGRA A-SPEC SEDAN CVT AA EE CD BA QC VP 200HP ABS 1.5L 4CIL 4P 5OCUP,,1
ZURICH,32364,ACURA,MDX,2005,AWD R18 SUV AUT VP 304HP 3.7L 6CIL 5P 7OCUP,AUTO,1
ZURICH,32365,ACURA,MDX,2006,AWD R18 SUV AUT VP 304HP 3.7L 6CIL 5P 7OCUP,AUTO,1
ZURICH,32366,ACURA,MDX,2007,AWD R18 SUV AUT VP 304HP 3.7L 6CIL 5P 7OCUP,AUTO,1
ZURICH,32367,ACURA,MDX,2008,AWD R18 SUV AUT VP 304HP 3.7L 6CIL 5P 7OCUP,AUTO,1
ZURICH,32368,ACURA,MDX,2009,AWD R18 SUV AUT VP 304HP 3.7L 6CIL 5P 7OCUP,AUTO,1
ZURICH,32369,ACURA,MDX,2010,AWD R18 SUV AUT VP 304HP 3.7L 6CIL 5P 7OCUP,AUTO,1
ZURICH,32370,ACURA,MDX,2011,AWD R18 SUV AUT VP 304HP 3.7L 6CIL 5P 7OCUP,AUTO,1
ZURICH,32371,ACURA,MDX,2012,AWD R18 SUV AUT VP 304HP 3.7L 6CIL 5P 7OCUP,AUTO,1
ZURICH,32372,ACURA,MDX,2013,AWD R18 SUV AUT VP 304HP 3.7L 6CIL 5P 7OCUP,AUTO,1
ZURICH,32373,ACURA,MDX,2014,AWD R18 SUV AUT VP 304HP 3.7L 6CIL 5P 7OCUP,AUTO,1
ZURICH,32374,ACURA,MDX,2014,TECH SUV AUT AA EE CD BA QC VP 290HP ABS 3.5L 6CIL 5P 7OCUP,AUTO,1
ZURICH,32375,ACURA,MDX,2014,SH AWD SUV AUT AA EE CD BA QC VP 290HP ABS 3.5L 6CIL 5P 7OCUP,AUTO,1
ZURICH,32376,ACURA,MDX,2015,SH AWD SUV AUT AA EE CD BA QC VP 290HP ABS 3.5L 6CIL 5P 7OCUP,AUTO,1
ZURICH,32377,ACURA,MDX,2016,SH AWD SUV AUT AA EE CD BA QC VP 290HP ABS 3.5L 6CIL 5P 7OCUP,AUTO,1
ZURICH,32378,ACURA,MDX,2017,SH AWD SUV AUT AA EE CD BA QC VP 290HP ABS 3.5L 6CIL 5P 7OCUP,AUTO,1
ZURICH,32379,ACURA,MDX,2018,SH AWD SUV AUT AA EE CD BA QC VP 290HP ABS 3.5L 6CIL 5P 7OCUP,AUTO,1
ZURICH,55525,ACURA,MDX,2019,TECH SUV AUT AA EE CD BA QC VP 290HP ABS 3.5L 6CIL 5P 7OCUP,AUTO,1
ZURICH,55526,ACURA,MDX,2019,A SPEC SUV AUT AA EE CD BA QC VP 290HP ABS 3.5L 6CIL 5P 7OCUP,AUTO,1
ZURICH,55527,ACURA,MDX,2020,TECH SUV AUT AA EE CD BA QC VP 290HP ABS 3.5L 6CIL 5P 7OCUP,AUTO,1
ZURICH,55528,ACURA,MDX,2020,A SPEC SUV AUT AA EE CD BA QC VP 290HP ABS 3.5L 6CIL 5P 7OCUP,AUTO,1
ZURICH,69118,ACURA,MDX,2022,TYPE S SUV AUT AA EE CD BA QC VP 350HP ABS 3L 6CIL 5P 7OCUP,AUTO,1
ZURICH,67693,ACURA,MDX,2022,ADVANCE SUV AUT AA EE CD BA QC VP 290HP ABS 3.5L 6CIL 5P 7OCUP,AUTO,1
ZURICH,69741,ACURA,MDX,2023,ADVANCE SUV AUT AA EE CD BA QC VP 290HP ABS 3.5L 6CIL 5P 7OCUP,AUTO,1
ZURICH,69742,ACURA,MDX,2023,TYPE S SUV AUT AA EE CD BA QC VP 350HP ABS 3L 6CIL 5P 7OCUP,AUTO,1
ZURICH,70556,ACURA,MDX,2024,ADVANCE SUV AUT AA EE CD BA QC VP 290HP ABS 3.5L 6CIL 5P 7OCUP,AUTO,1
ZURICH,70557,ACURA,MDX,2024,TYPE S SUV AUT AA EE CD BA QC VP 350HP ABS 3L 6CIL 5P 7OCUP,AUTO,1
ZURICH,70558,ACURA,MDX,2025,ADVANCE SUV AUT AA EE CD BA QC VP 290HP ABS 3.5L 6CIL 5P 7OCUP,AUTO,1
ZURICH,70559,ACURA,MDX,2025,TYPE S SUV AUT AA EE CD BA QC VP 350HP ABS 3L 6CIL 5P 7OCUP,AUTO,1
ZURICH,55537,ACURA,NSX,2017,HIBRIDO COUPE AUT AA EE CD BA VP 500HP ABS 3.5L 6CIL 2P 2OCUP,AUTO,1
ZURICH,60633,ACURA,NSX,2017,HIBRIDO EXCLUSIVE COUPE AUT AA EE CD BA VP 500HP ABS 3.5L 6CIL 2P 2OC,AUTO,1
ZURICH,60635,ACURA,NSX,2018,HIBRIDO EXCLUSIVE COUPE AUT AA EE CD BA VP 500HP ABS 3.5L 6CIL 2P 2OC,AUTO,1
ZURICH,69743,ACURA,NSX,2018,HIBRIDO COUPE AUT AA EE CD BA VP 500HP ABS 3.5L 6CIL 2P 2OCUP,AUTO,1
ZURICH,72311,ACURA,NSX,2019,NSX HIBRIDO EXCLUSIVE COUPE AUT AA EE CD BA VP 500HP ABS 3.5L 6CIL 2P 2OCUP,,1
ZURICH,60636,ACURA,NSX,2019,HIBRIDO COUPE AUT AA EE CD BA VP 500HP ABS 3.5L 6CIL 2P 2OCUP,AUTO,1
ZURICH,72312,ACURA,NSX,2020,NSX HIBRIDO COUPE AUT AA EE CD BA VP 500HP ABS 3.5L 6CIL 2P 2OCUP,,1
ZURICH,32351,ACURA,RDX,2007,TUR AWD R18 SUV AUT AA EE CD BA QC VP 240HP ABS 2.3L 4CIL 5P 5OCUP,AUTO,1
ZURICH,32352,ACURA,RDX,2008,TUR AWD R18 SUV AUT AA EE CD BA QC VP 240HP ABS 2.3L 4CIL 5P 5OCUP,AUTO,1
ZURICH,32353,ACURA,RDX,2009,TUR AWD R18 SUV AUT AA EE CD BA QC VP 240HP ABS 2.3L 4CIL 5P 5OCUP,AUTO,1
ZURICH,32354,ACURA,RDX,2010,TUR AWD R18 SUV AUT AA EE CD BA QC VP 240HP ABS 2.3L 4CIL 5P 5OCUP,AUTO,1
ZURICH,32355,ACURA,RDX,2011,TUR AWD R18 SUV AUT AA EE CD BA QC VP 240HP ABS 2.3L 4CIL 5P 5OCUP,AUTO,1
ZURICH,32356,ACURA,RDX,2012,TUR AWD R18 SUV AUT AA EE CD BA QC VP 240HP ABS 2.3L 4CIL 5P 5OCUP,AUTO,1
ZURICH,32357,ACURA,RDX,2013,AWD GPS DVD BT SUV AUT AA EE AM BA QC VP 273HP ABS 3.5L 6CIL 5P 5OCUP,AUTO,1
ZURICH,60628,ACURA,RDX,2013,AWD GPS DVD BT SUV AUT AA EE CD BA QC VP 273HP ABS 3.5L 6CIL 5P 5OCUP,AUTO,1
ZURICH,32358,ACURA,RDX,2014,AWD GPS DVD BT SUV AUT AA EE AM BA QC VP 273HP ABS 3.5L 6CIL 5P 5OCUP,AUTO,1
ZURICH,60629,ACURA,RDX,2014,AWD GPS DVD BT SUV AUT AA EE CD BA QC VP 273HP ABS 3.5L 6CIL 5P 5OCUP,AUTO,1
ZURICH,32359,ACURA,RDX,2015,AWD GPS DVD BT SUV AUT AA EE AM BA QC VP 273HP ABS 3.5L 6CIL 5P 5OCUP,AUTO,1
ZURICH,60630,ACURA,RDX,2015,AWD GPS DVD BT SUV AUT AA EE CD BA QC VP 273HP ABS 3.5L 6CIL 5P 5OCUP,AUTO,1
ZURICH,32360,ACURA,RDX,2016,AWD GPS DVD BT SUV AUT AA EE AM BA QC VP 273HP ABS 3.5L 6CIL 5P 5OCUP,AUTO,1
ZURICH,60631,ACURA,RDX,2016,AWD GPS DVD BT SUV AUT AA EE CD BA QC VP 273HP ABS 3.5L 6CIL 5P 5OCUP,AUTO,1
ZURICH,32361,ACURA,RDX,2017,AWD GPS DVD BT SUV AUT AA EE AM BA QC VP 273HP ABS 3.5L 6CIL 5P 5OCUP,AUTO,1
ZURICH,60632,ACURA,RDX,2017,AWD GPS DVD BT SUV AUT AA EE CD BA QC VP 273HP ABS 3.5L 6CIL 5P 5OCUP,AUTO,1
ZURICH,32362,ACURA,RDX,2018,AWD GPS DVD BT SUV AUT AA EE AM BA QC VP 273HP ABS 3.5L 6CIL 5P 5OCUP,AUTO,1
ZURICH,60634,ACURA,RDX,2018,AWD GPS DVD BT SUV AUT AA EE CD BA QC VP 273HP ABS 3.5L 6CIL 5P 5OCUP,AUTO,1
ZURICH,32363,ACURA,RDX,2019,TECH SUV AUT AA EE CD BA QC VP 261HP ABS 2L 4CIL 5P 5OCUP,AUTO,1
ZURICH,55522,ACURA,RDX,2019,A-SPEC SUV AUT AA EE CD BA QC VP 261HP ABS 2L 4CIL 5P 5OCUP,AUTO,1
ZURICH,55523,ACURA,RDX,2020,TECH SUV AUT AA EE CD BA QC VP 261HP ABS 2L 4CIL 5P 5OCUP,AUTO,1
ZURICH,55524,ACURA,RDX,2020,A-SPEC SUV AUT AA EE CD BA QC VP 261HP ABS 2L 4CIL 5P 5OCUP,AUTO,1
ZURICH,59612,ACURA,RDX,2021,TECH SUV AUT AA EE CD BA QC VP 261HP ABS 2L 4CIL 5P 5OCUP,AUTO,1
ZURICH,59613,ACURA,RDX,2021,A-SPEC SUV AUT AA EE CD BA QC VP 261HP ABS 2L 4CIL 5P 5OCUP,AUTO,1
ZURICH,68642,ACURA,RDX,2022,A-SPEC SUV AUT AA EE CD BA QC VP 261HP ABS 2L 4CIL 5P 5OCUP,AUTO,1
ZURICH,68643,ACURA,RDX,2022,ADVANCE SUV AUT AA EE CD BA QC VP 261HP ABS 2L 4CIL 5P 5OCUP,AUTO,1
ZURICH,70552,ACURA,RDX,2023,A-SPEC SUV AUT AA EE CD BA QC VP 261HP ABS 2L 4CIL 5P 5OCUP,AUTO,1
ZURICH,70553,ACURA,RDX,2023,ADVANCE SUV AUT AA EE CD BA QC VP 261HP ABS 2L 4CIL 5P 5OCUP,AUTO,1
ZURICH,70554,ACURA,RDX,2024,A-SPEC SUV AUT AA EE CD BA QC VP 261HP ABS 2L 4CIL 5P 5OCUP,AUTO,1
ZURICH,70555,ACURA,RDX,2024,ADVANCE SUV AUT AA EE CD BA QC VP 261HP ABS 2L 4CIL 5P 5OCUP,AUTO,1
ZURICH,72309,ACURA,RDX,2025,RDX A-SPEC SUV AUT AA EE CD BA QC VP 261HP ABS 2L 4CIL 5P 5OCUP,,1
ZURICH,72310,ACURA,RDX,2025,RDX ADVANCE SUV AUT AA EE CD BA QC VP 261HP ABS 2L 4CIL 5P 5OCUP,,1
ZURICH,32333,ACURA,RL,2005,AWD R17 SEDAN AUT 303HP 3.7L 6CIL 4P 5OCUP,AUTO,1
ZURICH,32334,ACURA,RL,2006,AWD R17 SEDAN AUT 303HP 3.7L 6CIL 4P 5OCUP,AUTO,1
ZURICH,32335,ACURA,RL,2007,AWD R17 SEDAN AUT 303HP 3.7L 6CIL 4P 5OCUP,AUTO,1
ZURICH,32336,ACURA,RL,2008,AWD R17 SEDAN AUT 303HP 3.7L 6CIL 4P 5OCUP,AUTO,1
ZURICH,32337,ACURA,RL,2009,AWD R17 SEDAN AUT 303HP 3.7L 6CIL 4P 5OCUP,AUTO,1
ZURICH,32338,ACURA,RL,2010,AWD R17 SEDAN AUT 303HP 3.7L 6CIL 4P 5OCUP,AUTO,1
ZURICH,32339,ACURA,RL,2011,AWD R17 SEDAN AUT 303HP 3.7L 6CIL 4P 5OCUP,AUTO,1
ZURICH,32393,ACURA,RLX,2014,GPS SEDAN AUT AA EE CD BA QC VP 310HP ABS 3.5L 6CIL 4P 5OCUP,AUTO,1
ZURICH,32394,ACURA,RLX,2015,GPS SEDAN AUT AA EE CD BA QC VP 310HP ABS 3.5L 6CIL 4P 5OCUP,AUTO,1
ZURICH,32319,ACURA,TL,2005,R17 SEDAN AUT 270HP 3.2L 6CIL 4P 5OCUP,AUTO,1
ZURICH,32320,ACURA,TL,2006,R17 SEDAN AUT 270HP 3.2L 6CIL 4P 5OCUP,AUTO,1
ZURICH,32321,ACURA,TL,2007,R17 SEDAN AUT 270HP 3.2L 6CIL 4P 5OCUP,AUTO,1
ZURICH,32322,ACURA,TL,2008,R17 SEDAN AUT 270HP 3.2L 6CIL 4P 5OCUP,AUTO,1
ZURICH,32323,ACURA,TL,2009,R17 SEDAN AUT 280HP 3.5L 6CIL 4P 5OCUP,AUTO,1
ZURICH,32324,ACURA,TL,2009,AWD R18 SEDAN AUT 305HP 3.7L 6CIL 4P 5OCUP,AUTO,1
ZURICH,32325,ACURA,TL,2010,R17 SEDAN AUT 280HP 3.5L 6CIL 4P 5OCUP,AUTO,1
ZURICH,32326,ACURA,TL,2010,AWD R18 SEDAN AUT 305HP 3.7L 6CIL 4P 5OCUP,AUTO,1
ZURICH,32327,ACURA,TL,2011,R17 SEDAN AUT 280HP 3.5L 6CIL 4P 5OCUP,AUTO,1
ZURICH,32328,ACURA,TL,2011,AWD R18 SEDAN AUT 305HP 3.7L 6CIL 4P 5OCUP,AUTO,1
ZURICH,32329,ACURA,TL,2012,R17 SEDAN AUT 280HP 3.5L 6CIL 4P 5OCUP,AUTO,1
ZURICH,32330,ACURA,TL,2012,AWD R18 SEDAN AUT 305HP 3.7L 6CIL 4P 5OCUP,AUTO,1
ZURICH,32331,ACURA,TL,2013,R17 SEDAN AUT 280HP 3.5L 6CIL 4P 5OCUP,AUTO,1
ZURICH,32332,ACURA,TL,2013,AWD R18 SEDAN AUT 305HP 3.7L 6CIL 4P 5OCUP,AUTO,1
ZURICH,32395,ACURA,TLX,2015,TECH GPS SEDAN AUT AA EE CD BA QC VP 206HP ABS 2.4L 4CIL 4P 5OCUP,AUTO,1
ZURICH,32396,ACURA,TLX,2015,ADVANCE GPS SEDAN AUT AA EE CD BA QC VP 290HP ABS 3.5L 6CIL 4P 5OCUP,AUTO,1
ZURICH,32397,ACURA,TLX,2016,TECH GPS SEDAN AUT AA EE CD BA QC VP 206HP ABS 2.4L 4CIL 4P 5OCUP,AUTO,1
ZURICH,32398,ACURA,TLX,2016,ADVANCE GPS SEDAN AUT AA EE CD BA QC VP 290HP ABS 3.5L 6CIL 4P 5OCUP,AUTO,1
ZURICH,32399,ACURA,TLX,2017,TECH GPS SEDAN AUT AA EE CD BA QC VP 206HP ABS 2.4L 4CIL 4P 5OCUP,AUTO,1
ZURICH,32400,ACURA,TLX,2017,ADVANCE GPS SEDAN AUT AA EE CD BA QC VP 290HP ABS 3.5L 6CIL 4P 5OCUP,AUTO,1
ZURICH,32401,ACURA,TLX,2018,ADVANCE GPS SEDAN AUT AA EE CD BA QC VP 290HP ABS 3.5L 6CIL 4P 5OCUP,AUTO,1
ZURICH,32402,ACURA,TLX,2018,A-SPEC SEDAN AUT AA EE CD BA QC VP 290HP ABS 3.5L 6CIL 4P 5OCUP,AUTO,1
ZURICH,55533,ACURA,TLX,2019,ADVANCE GPS SEDAN AUT AA EE CD BA QC VP 290HP ABS 3.5L 6CIL 4P 5OCUP,AUTO,1
ZURICH,55534,ACURA,TLX,2019,TECH A-SPEC SEDAN AUT AA EE CD BA QC VP 206HP ABS 2.4L 4CIL 4P 5OCUP,AUTO,1
ZURICH,55535,ACURA,TLX,2019,1 MILLION EDITION DCT SEDAN AUT AA EE CD BA QC VP 206HP ABS 2.4L 4CIL 4P 5OCUP,AUTO,1
ZURICH,60637,ACURA,TLX,2019,1 MILLION EDITION DCT SEDAN AUT AA EE CD BA QC VP 206HP ABS 2.4L 4CIL,AUTO,1
ZURICH,55536,ACURA,TLX,2020,ADVANCE GPS SEDAN AUT AA EE CD BA QC VP 290HP ABS 3.5L 6CIL 4P 5OCUP,AUTO,1
ZURICH,59614,ACURA,TLX,2021,ADVANCE SEDAN AUT AA EE CD BA QC VP 261HP ABS 2L 4CIL 4P 5OCUP,AUTO,1
ZURICH,68644,ACURA,TLX,2022,ADVANCE SEDAN AUT AA EE CD BA QC VP 261HP ABS 2L 4CIL 4P 5OCUP,AUTO,1
ZURICH,68645,ACURA,TLX,2022,TYPE S SEDAN AUT AA EE CD BA QC VP 355HP ABS 3L 6CIL 4P 5OCUP,AUTO,1
ZURICH,70560,ACURA,TLX,2023,ADVANCE SEDAN AUT AA EE CD BA QC VP 261HP ABS 2L 4CIL 4P 5OCUP,AUTO,1
ZURICH,70561,ACURA,TLX,2023,TYPE S SEDAN AUT AA EE CD BA QC VP 355HP ABS 3L 6CIL 4P 5OCUP,AUTO,1
ZURICH,70562,ACURA,TLX,2024,ADVANCE SEDAN AUT AA EE CD BA QC VP 261HP ABS 2L 4CIL 4P 5OCUP,AUTO,1
ZURICH,70563,ACURA,TLX,2024,TYPE S SEDAN AUT AA EE CD BA QC VP 355HP ABS 3L 6CIL 4P 5OCUP,AUTO,1
ZURICH,70564,ACURA,TLX,2025,ADVANCE SEDAN AUT AA EE CD BA QC VP 261HP ABS 2L 4CIL 4P 5OCUP,AUTO,1
ZURICH,70565,ACURA,TLX,2025,TYPE S SEDAN AUT AA EE CD BA QC VP 355HP ABS 3L 6CIL 4P 5OCUP,AUTO,1
ZURICH,32340,ACURA,TSX,2009,R17 SEDAN AUT QC VP 204HP 2.4L 4CIL 4P 5OCUP,AUTO,1
ZURICH,32341,ACURA,TSX,2010,R17 SEDAN AUT QC VP 204HP 2.4L 4CIL 4P 5OCUP,AUTO,1
ZURICH,32342,ACURA,TSX,2010,R18 SEDAN AUT 280HP 3.5L 6CIL 4P 5OCUP,AUTO,1
ZURICH,32343,ACURA,TSX,2011,R17 SEDAN AUT QC VP 204HP 2.4L 4CIL 4P 5OCUP,AUTO,1
ZURICH,32344,ACURA,TSX,2011,R18 SEDAN AUT 280HP 3.5L 6CIL 4P 5OCUP,AUTO,1
ZURICH,32345,ACURA,TSX,2012,R17 SEDAN AUT QC VP 204HP 2.4L 4CIL 4P 5OCUP,AUTO,1
ZURICH,32346,ACURA,TSX,2012,R18 SEDAN AUT 280HP 3.5L 6CIL 4P 5OCUP,AUTO,1
ZURICH,32347,ACURA,TSX,2013,R17 SEDAN AUT QC VP 204HP 2.4L 4CIL 4P 5OCUP,AUTO,1
ZURICH,32348,ACURA,TSX,2013,R18 SEDAN AUT 280HP 3.5L 6CIL 4P 5OCUP,AUTO,1
ZURICH,32349,ACURA,ZDX,2010,AWD R18 SUV AUT QC 304HP 3.7L 6CIL 5P 5OCUP,AUTO,1
ZURICH,32350,ACURA,ZDX,2011,AWD R18 SUV AUT QC 304HP 3.7L 6CIL 5P 5OCUP,AUTO,1
ZURICH,32466,ALFA ROMEO,4C,2016,COMPETIZIONE COUPE AUT AA EE CD BA VP 237HP ABS 1.8L IL 2P 2OCUP,AUTO,1
ZURICH,32467,ALFA ROMEO,4C,2016,SPECIALE COUPE AUT AA EE CD BA VP 237HP ABS 1.7L IL 2P 2OCUP,AUTO,1
ZURICH,32468,ALFA ROMEO,4C,2017,COMPETIZIONE COUPE AUT AA EE CD BA VP 237HP ABS 1.8L IL 2P 2OCUP,AUTO,1
ZURICH,32403,ALFA ROMEO,ALFA ROMEO 147,2002,HB SELESPEED VP 150HP 2L 4CIL 3P 5OCUP,AUTO,1
ZURICH,32404,ALFA ROMEO,ALFA ROMEO 147,2002,HB SELESPEED VP 150HP 2L 4CIL 5P 5OCUP,AUTO,1
ZURICH,32405,ALFA ROMEO,ALFA ROMEO 147,2002,HB SELESPEED 150HP 2L 4CIL 3P 5OCUP,AUTO,1
ZURICH,32406,ALFA ROMEO,ALFA ROMEO 147,2003,HB SELESPEED VP 150HP 2L 4CIL 3P 5OCUP,AUTO,1
ZURICH,32407,ALFA ROMEO,ALFA ROMEO 147,2003,HB SELESPEED VP 150HP 2L 4CIL 5P 5OCUP,AUTO,1
ZURICH,32408,ALFA ROMEO,ALFA ROMEO 147,2004,DEPORTIVO R17 HB SELESPEED CD QC VP 150HP 2L 4CIL 3P 5OCUP,AUTO,1
ZURICH,32409,ALFA ROMEO,ALFA ROMEO 147,2004,R16 HB STD VP 150HP 2L 4CIL 3P 5OCUP,MANUAL,1
ZURICH,32410,ALFA ROMEO,ALFA ROMEO 147,2004,R16 HB STD 150HP 2L 4CIL 3P 5OCUP,MANUAL,1
ZURICH,32411,ALFA ROMEO,ALFA ROMEO 147,2004,R17 HB SELESPEED QC VP 150HP 2L 4CIL 3P 5OCUP,AUTO,1
ZURICH,32412,ALFA ROMEO,ALFA ROMEO 147,2004,R17 HB SELESPEED VP 150HP 2L 4CIL 5P 5OCUP,AUTO,1
ZURICH,32413,ALFA ROMEO,ALFA ROMEO 147,2004,R17 HB SELESPEED CD QC VP 150HP 2L 4CIL 5P 5OCUP,AUTO,1
ZURICH,32414,ALFA ROMEO,ALFA ROMEO 147,2005,R16 HB STD VP 150HP 2L 4CIL 3P 5OCUP,MANUAL,1
ZURICH,32415,ALFA ROMEO,ALFA ROMEO 147,2005,R17 D HB SELESPEED CD QC VP 150HP 2L 4CIL 5P 5OCUP,AUTO,1
ZURICH,32416,ALFA ROMEO,ALFA ROMEO 147,2005,R17 B HB SELESPEED QC VP 150HP 2L 4CIL 3P 5OCUP,AUTO,1
ZURICH,32417,ALFA ROMEO,ALFA ROMEO 147,2007,DISTINTIVE R16 HB STD VP 150HP 2L 4CIL 3P 5OCUP,MANUAL,1
ZURICH,32418,ALFA ROMEO,ALFA ROMEO 147,2007,DISTINTIVE R17 HB SELESPEED QC VP 150HP 2L 4CIL 3P 5OCUP,AUTO,1
ZURICH,32419,ALFA ROMEO,ALFA ROMEO 147,2007,DISTINTIVE R17 HB SELESPEED CD QC VP 150HP 2L 4CIL 5P 5OCUP,AUTO,1
ZURICH,60639,ALFA ROMEO,ALFA ROMEO 147,2007,DISTINTIVE R17 HB SELESPEED CD QC VP 150HP 2L 4CIL 5P 5OCU,,1
ZURICH,32420,ALFA ROMEO,ALFA ROMEO 156,2002,R16 SEDAN SELESPEED VP 150HP 2L 4CIL 4P 5OCUP,AUTO,1
ZURICH,32421,ALFA ROMEO,ALFA ROMEO 156,2002,SPORTWAGON SW SELESPEED 165HP 2L 4CIL 5P 5OCUP,AUTO,1
ZURICH,32422,ALFA ROMEO,ALFA ROMEO 156,2002,Q SYSTEM SEDAN AUT 156HP 2.5L 6CIL 4P 5OCUP,AUTO,1
ZURICH,32423,ALFA ROMEO,ALFA ROMEO 156,2003,Q SYSTEM SEDAN AUT 156HP 2.5L 6CIL 4P 5OCUP,AUTO,1
ZURICH,32424,ALFA ROMEO,ALFA ROMEO 156,2003,JTS SEDAN SELESPEED 150HP 2L 4CIL 4P 5OCUP,AUTO,1
ZURICH,32425,ALFA ROMEO,ALFA ROMEO 156,2003,GTA SEDAN STD 250HP 3.2L 6CIL 4P 5OCUP,MANUAL,1
ZURICH,32426,ALFA ROMEO,ALFA ROMEO 156,2003,SPORTWAGON GTA SW STD 250HP 3.2L 6CIL 5P 5OCUP,MANUAL,1
ZURICH,32427,ALFA ROMEO,ALFA ROMEO 156,2003,JTS SPORTWAGON SW SELESPEED VP 165HP 2L 4CIL 5P 5OCUP,AUTO,1
ZURICH,32428,ALFA ROMEO,ALFA ROMEO 156,2004,R16 SEDAN SELESPEED VP 150HP 2L 4CIL 4P 5OCUP,AUTO,1
ZURICH,32429,ALFA ROMEO,ALFA ROMEO 156,2004,DEPORTIVO R17 SEDAN SELESPEED CD QC VP 165HP 2L 4CIL 4P 5OCUP,AUTO,1
ZURICH,60638,ALFA ROMEO,ALFA ROMEO 156,2004,DEPORTIVO R17 SEDAN SELESPEED CD QC VP 165HP 2L 4CIL 4P 5O,,1
ZURICH,32434,ALFA ROMEO,ALFA ROMEO 159,2007,JTS SS SEDAN SELESPEED 185HP 2.2L 4CIL 4P 5OCUP,AUTO,1
ZURICH,32435,ALFA ROMEO,ALFA ROMEO 159,2007,JTS Q4 4X4 SEDAN AUT 260HP 3.2L 6CIL 4P 5OCUP,AUTO,1
ZURICH,32436,ALFA ROMEO,ALFA ROMEO 159,2008,JTS SS SEDAN SELESPEED 185HP 2.2L 4CIL 4P 5OCUP,AUTO,1
ZURICH,32437,ALFA ROMEO,ALFA ROMEO 159,2012,JTS SPORT SEDAN SELESPEED AA EE CD BA VP 185HP 2.2L 4CIL 4P 5OCUP,AUTO,1
ZURICH,32438,ALFA ROMEO,ALFA ROMEO 159,2012,JTS SPORT PLUS AWD SEDAN Q-TRONIC AA EE CD BA VP 260HP 3.2L 6CIL 4P 5OCUP,AUTO,1
ZURICH,60640,ALFA ROMEO,ALFA ROMEO 159,2012,JTS SPORT SEDAN SELESPEED AA EE CD BA VP 185HP 2.2L 4CIL 4,,1
ZURICH,60641,ALFA ROMEO,ALFA ROMEO 159,2012,JTS SPORT PLUS AWD SEDAN Q-TRONIC AA EE CD BA VP 260HP 3.2,AUTO,1
ZURICH,32430,ALFA ROMEO,ALFA ROMEO 166,2002,SEDAN AUT VP 218HP 3L 6CIL 4P 5OCUP,AUTO,1
ZURICH,32431,ALFA ROMEO,ALFA ROMEO 166,2002,TUR SEDAN STD VP 205HP 2L 6CIL 4P 5OCUP,MANUAL,1
ZURICH,32432,ALFA ROMEO,ALFA ROMEO 166,2003,SEDAN AUT VP 218HP 3L 6CIL 4P 5OCUP,AUTO,1
ZURICH,32433,ALFA ROMEO,ALFA ROMEO 166,2003,SEDAN STD 205HP 2L 4CIL 4P 5OCUP,MANUAL,1
ZURICH,32442,ALFA ROMEO,BRERA,2007,4X4 COUPE STD 260HP 3.2L 6CIL 2P 4OCUP,MANUAL,1
ZURICH,32443,ALFA ROMEO,BRERA,2008,4X4 COUPE STD 260HP 3.2L 6CIL 2P 4OCUP,MANUAL,1
ZURICH,32469,ALFA ROMEO,GIULIA,2017,QUADRIFOGLIO VERDE SEDAN STD AA EE CD BA VP 505HP ABS 2.9L 6CIL 4P 5OCUP,MANUAL,1
ZURICH,32470,ALFA ROMEO,GIULIA,2017,TI SEDAN STD AA EE CD BA QC VP 280HP ABS 2L 4CIL 4P 5OCUP,MANUAL,1
ZURICH,60652,ALFA ROMEO,GIULIA,2017,QUADRIFOGLIO VERDE SEDAN STD AA EE CD BA VP 505HP ABS 2.9L 6CIL 4P,MANUAL,1
ZURICH,32471,ALFA ROMEO,GIULIA,2018,TI SEDAN STD AA EE CD BA QC VP 280HP ABS 2L 4CIL 4P 5OCUP,MANUAL,1
ZURICH,55541,ALFA ROMEO,GIULIA,2018,QUADRIFOGLIO VERDE SEDAN STD AA EE CD BA VP 505HP ABS 2.9L 6CIL 4P 5OCUP,MANUAL,1
ZURICH,60653,ALFA ROMEO,GIULIA,2018,QUADRIFOGLIO VERDE SEDAN STD AA EE CD BA VP 505HP ABS 2.9L 6CIL 4P,MANUAL,1
ZURICH,55542,ALFA ROMEO,GIULIA,2019,SPORT SEDAN AUT AA EE CD BA VP 280HP ABS 2L 4CIL 4P 5OCUP,AUTO,1
ZURICH,60655,ALFA ROMEO,GIULIA,2020,TI SEDAN AUT AA EE CD BA QC VP 280HP ABS 2L 4CIL 4P 5OCUP,AUTO,1
ZURICH,60656,ALFA ROMEO,GIULIA,2020,QUADRIFOGLIO VERDE SEDAN AUT AA EE CD BA VP 505HP ABS 2.9L 6CIL 4P,AUTO,1
ZURICH,59616,ALFA ROMEO,GIULIA,2020,TI SEDAN AUT AA EE CD BA QC VP 280HP ABS 2.0L 4CIL 4P 5OCUP,AUTO,1
ZURICH,59617,ALFA ROMEO,GIULIA,2020,QUADRIFOGLIO VERDE SEDAN AUT AA EE CD BA VP 505HP ABS 2.9L 6CIL 4P 5OCUP,AUTO,1
ZURICH,68328,ALFA ROMEO,GIULIA,2021,TI SEDAN AUT AA EE CD BA QC VP 280HP ABS 2.0L 4CIL 4P 5OCUP,AUTO,1
ZURICH,68329,ALFA ROMEO,GIULIA,2021,QUADRIFOGLIO VERDE SEDAN AUT AA EE CD BA VP 505HP ABS 2.9L 6CIL 4P 5OCUP,AUTO,1
ZURICH,68330,ALFA ROMEO,GIULIA,2022,QUADRIFOGLIO VERDE SEDAN AUT AA EE CD BA VP 505HP ABS 2.9L 6CIL 4P 5OCUP,AUTO,1
ZURICH,68331,ALFA ROMEO,GIULIA,2022,VELOCE SEDAN AUT AA EE CD BA QC VP 280HP ABS 2L 4CIL 4P 5OCUP,AUTO,1
ZURICH,69745,ALFA ROMEO,GIULIA,2023,QUADRIFOGLIO VERDE SEDAN AUT AA EE CD BA VP 505HP ABS 2.9L 6CIL 4P 5OCUP,AUTO,1
ZURICH,69746,ALFA ROMEO,GIULIA,2023,VELOCE SEDAN AUT AA EE CD BA QC VP 280HP ABS 2L 4CIL 4P 5OCUP,AUTO,1
ZURICH,69747,ALFA ROMEO,GIULIA,2023,ESTREMA SEDAN AUT AA EE CD BA QC VP 280HP ABS 2L 4CIL 4P 5OCUP,MANUAL,1
ZURICH,70568,ALFA ROMEO,GIULIA,2024,SPRINT SEDAN AUT AA EE CD BA QC VP 280HP ABS 2L 4CIL 4P 5OCUP,AUTO,1
ZURICH,70569,ALFA ROMEO,GIULIA,2024,COMPETIZIONE SEDAN AUT AA EE CD BA QC VP 280HP ABS 2L 4CIL 4P 5OCUP,AUTO,1
ZURICH,70570,ALFA ROMEO,GIULIA,2024,QUADRIFOGLIO VERDE SEDAN AUT AA EE CD BA VP 505HP ABS 2.9L 6CIL 4P 5OCUP,AUTO,1
ZURICH,70571,ALFA ROMEO,GIULIA,2024,VELOCE SEDAN AUT AA EE CD BA QC VP 280HP ABS 2L 4CIL 4P 5OCUP,AUTO,1
ZURICH,32459,ALFA ROMEO,GIULIETTA,2012,QUADRIFOGLIO VERDE RA FX TUR USB BT HB AUT AA EE AM BA QC VP 230HP ABS 1.8L 4CIL 3P 5OCUP,AUTO,1
ZURICH,60642,ALFA ROMEO,GIULIETTA,2012,QUADRIFOGLIO VERDE RA FX TUR USB BT HB AUT AA EE CD BA QC VP 23,AUTO,1
ZURICH,32460,ALFA ROMEO,GIULIETTA,2013,QUADRIFOGLIO VERDE RA FX TUR USB BT HB AUT AA EE AM BA QC VP 230HP ABS 1.8L 4CIL 3P 5OCUP,AUTO,1
ZURICH,60644,ALFA ROMEO,GIULIETTA,2013,QUADRIFOGLIO VERDE RA FX TUR USB BT HB AUT AA EE CD BA QC VP 23,AUTO,1
ZURICH,32461,ALFA ROMEO,GIULIETTA,2014,QUADRIFOGLIO VERDE RA FX TUR USB BT HB AUT AA EE AM BA QC VP 230HP ABS 1.8L 4CIL 3P 5OCUP,AUTO,1
ZURICH,60647,ALFA ROMEO,GIULIETTA,2014,QUADRIFOGLIO VERDE RA FX TUR USB BT HB AUT AA EE CD BA QC VP 23,AUTO,1
ZURICH,32462,ALFA ROMEO,GIULIETTA,2015,QUADRIFOGLIO VERDE RA FX TUR USB BT HB AUT AA EE AM BA QC VP 230HP ABS 1.8L 4CIL 3P 5OCUP,AUTO,1
ZURICH,60649,ALFA ROMEO,GIULIETTA,2015,QUADRIFOGLIO VERDE RA FX TUR USB BT HB AUT AA EE CD BA QC VP 23,AUTO,1
ZURICH,32463,ALFA ROMEO,GIULIETTA,2016,QUADRIFOGLIO VERDE RA FX TUR USB BT HB AUT AA EE AM BA QC VP 230HP ABS 1.8L 4CIL 3P 5OCUP,AUTO,1
ZURICH,60650,ALFA ROMEO,GIULIETTA,2016,QUADRIFOGLIO VERDE RA FX TUR USB BT HB AUT AA EE CD BA QC VP 23,AUTO,1
ZURICH,32464,ALFA ROMEO,GIULIETTA,2017,VELOCE HB AUT AA EE CD BA QC VP 237HP ABS 1.8L 4CIL 5P 5OCUP,AUTO,1
ZURICH,32465,ALFA ROMEO,GIULIETTA,2018,VELOCE HB AUT AA EE CD BA QC VP 237HP ABS 1.8L 4CIL 5P 5OCUP,AUTO,1
ZURICH,55539,ALFA ROMEO,GIULIETTA,2019,VELOCE HB AUT AA EE CD BA QC VP 237HP ABS 1.8L 4CIL 5P 5OCUP,AUTO,1
ZURICH,55540,ALFA ROMEO,GIULIETTA,2020,VELOCE HB AUT AA EE CD BA QC VP 237HP ABS 1.8L 4CIL 5P 5OCUP,AUTO,1
ZURICH,59615,ALFA ROMEO,GIULIETTA,2021,VELOCE HB AUT AA EE CD BA QC VP 237HP ABS 1.8L 4CIL 5P 5OCUP,AUTO,1
ZURICH,67694,ALFA ROMEO,GIULIETTA,2021,VELOCE 110 EDIZIONE DCT HB AUT AA EE CD BA QC VP 237HP ABS 1.8L 4CIL 5P 5OCUP,AUTO,1
ZURICH,32439,ALFA ROMEO,GT,2007,COUPE SELESPEED 165HP 2L 4CIL 2P 5OCUP,AUTO,1
ZURICH,32440,ALFA ROMEO,GT,2007,4X4 COUPE STD 260HP 3.2L 6CIL 2P 5OCUP,MANUAL,1
ZURICH,32441,ALFA ROMEO,GT,2008,COUPE SELESPEED 165HP 2L 4CIL 2P 5OCUP,AUTO,1
ZURICH,32447,ALFA ROMEO,GTV,2003,COUPE STD 218HP 3L 6CIL 2P 5OCUP,MANUAL,1
ZURICH,32448,ALFA ROMEO,MITO,2012,QUADRIFOGLIO VERDE RA FX TUR HB STD AA EE CD BA QC VP 170HP ABS 1.4L 4CIL 3P 5OCUP,MANUAL,1
ZURICH,60643,ALFA ROMEO,MITO,2012,QUADRIFOGLIO VERDE RA FX TUR HB STD AA EE CD BA QC VP 170HP ABS 1.4L,MANUAL,1
ZURICH,32449,ALFA ROMEO,MITO,2013,QUADRIFOGLIO VERDE RA FX TUR HB STD AA EE CD BA QC VP 170HP ABS 1.4L 4CIL 3P 5OCUP,MANUAL,1
ZURICH,32450,ALFA ROMEO,MITO,2013,QUADRIFOGLIO VERDE RA FX TUR GAMUZA HB STD AA EE AM BA QC 168HP ABS 1.4L 4CIL 3P 5OCUP,MANUAL,1
ZURICH,60645,ALFA ROMEO,MITO,2013,QUADRIFOGLIO VERDE RA FX TUR HB STD AA EE CD BA QC VP 170HP ABS 1.4L,MANUAL,1
ZURICH,60646,ALFA ROMEO,MITO,2013,QUADRIFOGLIO VERDE RA FX TUR GAMUZA HB STD AA EE CD BA QC 168HP ABS,MANUAL,1
ZURICH,32451,ALFA ROMEO,MITO,2015,QUADRIFOGLIO VERDE RA FX TUR HB STD AA EE CD BA QC VP 170HP ABS 1.4L 4CIL 3P 5OCUP,MANUAL,1
ZURICH,32452,ALFA ROMEO,MITO,2015,PROGRESSION LUXURY HB STD AA EE CD BA 170HP ABS 1.4L 4CIL 3P 5OCUP,MANUAL,1
ZURICH,60648,ALFA ROMEO,MITO,2015,QUADRIFOGLIO VERDE RA FX TUR HB STD AA EE CD BA QC VP 170HP ABS 1.4L,MANUAL,1
ZURICH,32453,ALFA ROMEO,MITO,2016,QUADRIFOGLIO VERDE RA FX TUR HB STD AA EE CD BA QC VP 170HP ABS 1.4L 4CIL 3P 5OCUP,MANUAL,1
ZURICH,32454,ALFA ROMEO,MITO,2016,PROGRESSION LUXURY HB STD AA EE CD BA 170HP ABS 1.4L 4CIL 3P 5OCUP,MANUAL,1
ZURICH,60651,ALFA ROMEO,MITO,2016,QUADRIFOGLIO VERDE RA FX TUR HB STD AA EE CD BA QC VP 170HP ABS 1.4L,MANUAL,1
ZURICH,32455,ALFA ROMEO,MITO,2017,PROGRESSION LUXURY HB STD AA EE CD BA 170HP ABS 1.4L 4CIL 3P 5OCUP,MANUAL,1
ZURICH,32456,ALFA ROMEO,MITO,2017,VELOCE HB STD AA EE CD BA QC VP 170HP ABS 1.4L 4CIL 3P 5OCUP,MANUAL,1
ZURICH,32457,ALFA ROMEO,MITO,2018,PROGRESSION LUXURY HB STD AA EE CD BA 170HP ABS 1.4L 4CIL 3P 5OCUP,MANUAL,1
ZURICH,32458,ALFA ROMEO,MITO,2018,VELOCE HB STD AA EE CD BA QC VP 170HP ABS 1.4L 4CIL 3P 5OCUP,MANUAL,1
ZURICH,55538,ALFA ROMEO,MITO,2019,VELOCE HB STD AA EE CD BA QC VP 170HP ABS 1.4L 4CIL 3P 5OCUP,MANUAL,1
ZURICH,32444,ALFA ROMEO,SPIDER,2003,CONV STD 218HP 3L 6CIL 2P 2OCUP,MANUAL,1
ZURICH,32445,ALFA ROMEO,SPIDER,2007,4X4 CONV STD 260HP 3.2L 6CIL 2P 2OCUP,MANUAL,1
ZURICH,32446,ALFA ROMEO,SPIDER,2008,4X4 CONV STD 260HP 3.2L 6CIL 2P 2OCUP,MANUAL,1
ZURICH,55543,ALFA ROMEO,STELVIO,2018,TI SUV AUT AA EE CD BA VP 280HP ABS 2L 4CIL 5P 5OCUP,AUTO,1
ZURICH,55544,ALFA ROMEO,STELVIO,2019,TI SUV AUT AA EE CD BA VP 280HP ABS 2L 4CIL 5P 5OCUP,AUTO,1
ZURICH,55545,ALFA ROMEO,STELVIO,2019,SPORT SUV AUT AA EE CD BA VP 280HP ABS 2L 4CIL 5P 5OCUP,AUTO,1
ZURICH,55546,ALFA ROMEO,STELVIO,2019,SPORT SUV AUT AA EE CD BA VP 280HP ABS 2L 4CIL 5P 5OCUP,AUTO,1
ZURICH,60654,ALFA ROMEO,STELVIO,2019,QUADRIFOGLIO 4WD SUV AUT AA EE CD BA VP 505HP ABS 2.9L 6CIL 5P 5O,AUTO,1
ZURICH,60657,ALFA ROMEO,STELVIO,2020,QUADRIFOGLIO 4WD SUV AUT AA EE CD BA VP 505HP ABS 2.9L 6CIL 5P 5O,AUTO,1
ZURICH,59618,ALFA ROMEO,STELVIO,2020,TI SUV AUT AA EE CD BA VP 280HP ABS 2L 4CIL 5P 5OCUP,AUTO,1
ZURICH,59619,ALFA ROMEO,STELVIO,2020,SPORT SUV AUT AA EE CD BA VP 280HP ABS 2L 4CIL 5P 5OCUP,AUTO,1
ZURICH,68332,ALFA ROMEO,STELVIO,2021,TI SUV AUT AA EE CD BA VP 280HP ABS 2L 4CIL 5P 5OCUP,AUTO,1
ZURICH,68333,ALFA ROMEO,STELVIO,2021,QUADRIFOGLIO 4WD SUV AUT AA EE CD BA VP 505HP ABS 2.9L 6CIL 5P 5OCUP,AUTO,1
ZURICH,68334,ALFA ROMEO,STELVIO,2022,VELOCE SUV AUT AA EE CD BA VP 280HP ABS 2L 4CIL 5P 5OCUP,AUTO,1
ZURICH,68335,ALFA ROMEO,STELVIO,2022,QUADRIFOGLIO 4WD SUV AUT AA EE CD BA VP 505HP ABS 2.9L 6CIL 5P 5OCUP,AUTO,1
ZURICH,68646,ALFA ROMEO,STELVIO,2022,TI SUV AUT AA EE CD BA VP 280HP ABS 2L 4CIL 5P 5OCUP,MANUAL,1
ZURICH,69748,ALFA ROMEO,STELVIO,2023,VELOCE SUV AUT AA EE CD BA VP 280HP ABS 2L 4CIL 5P 5OCUP,MANUAL,1
ZURICH,69749,ALFA ROMEO,STELVIO,2023,ESTREMA SUV AUT AA EE CD BA VP 280HP ABS 2L 4CIL 5P 5OCUP,MANUAL,1
ZURICH,69750,ALFA ROMEO,STELVIO,2023,QV SUV AUT AA EE CD BA VP 505HP ABS 2.9L 6CIL 5P 5OCUP,MANUAL,1
ZURICH,70572,ALFA ROMEO,STELVIO,2024,VELOCE SUV AUT AA EE CD BA VP 280HP ABS 2L 4CIL 5P 5OCUP,MANUAL,1
ZURICH,70573,ALFA ROMEO,STELVIO,2024,TI SUV AUT AA EE CD BA VP 280HP ABS 2L 4CIL 5P 5OCUP,MANUAL,1
ZURICH,70574,ALFA ROMEO,STELVIO,2024,ESTREMA SUV AUT AA EE CD BA VP 280HP ABS 2L 4CIL 5P 5OCUP,MANUAL,1
ZURICH,70575,ALFA ROMEO,STELVIO,2024,QV SUV AUT AA EE CD BA VP 505HP ABS 2.9L 6CIL 5P 5OCUP,MANUAL,1
ZURICH,70576,ALFA ROMEO,STELVIO,2024,COMPETIZION  SUV AUT AA EE CD BA VP 280HP ABS 2L 4CIL 5P 5OCUP,MANUAL,1
ZURICH,70577,ALFA ROMEO,TONALE,2023,SPRINT AWD SUV AUT AA EE CD BA VP 268HP ABS 2L 4CIL 5P 5OCUP,AUTO,1
ZURICH,70578,ALFA ROMEO,TONALE,2023,TI AWD SUV AUT AA EE CD BA QC VP 268HP ABS 2L 4CIL 5P 5OCUP,AUTO,1
ZURICH,70579,ALFA ROMEO,TONALE,2023,SPECIALE AWD SUV AUT AA EE CD BA QC VP 268HP ABS 2L 4CIL 5P 5OCUP,AUTO,1
ZURICH,70580,ALFA ROMEO,TONALE,2024,SPRINT AWD SUV AUT AA EE CD BA VP 268HP ABS 2L 4CIL 5P 5OCUP,AUTO,1
ZURICH,70581,ALFA ROMEO,TONALE,2024,TI AWD SUV AUT AA EE CD BA QC VP 268HP ABS 2L 4CIL 5P 5OCUP,AUTO,1
ZURICH,70582,ALFA ROMEO,TONALE,2024,PHEV EAWD SUV AUT AA EE MP3 USB BA QC VP 285HP ABS 1.3L 4CIL 5P 5OCUP,AUTO,1
ZURICH,72317,ALFA ROMEO,TONALE,2025,TONALE VELOCE PHEV SUV AUT AA EE CD BA QC VP 285HP ABS 1.3L 4CIL 5P 5OCUP,,1
ZURICH,33420,AUDI,A1,2011,COOL TUR HB STD 122HP 1.4L 4CIL 3P 5OCUP,MANUAL,1
ZURICH,33421,AUDI,A1,2011,COOL TUR HB S TRONIC 125HP 1.4L 4CIL 3P 5OCUP,AUTO,1
ZURICH,33422,AUDI,A1,2011,EGO TUR HB STD 122HP 1.4L 4CIL 3P 5OCUP,MANUAL,1
ZURICH,33423,AUDI,A1,2011,EGO TUR HB S TRONIC 122HP 1.4L 4CIL 3P 5OCUP,AUTO,1
ZURICH,33424,AUDI,A1,2011,ENVY TUR HB STD 122HP 1.4L 4CIL 3P 5OCUP,MANUAL,1
ZURICH,33425,AUDI,A1,2011,ENVY TUR HB S TRONIC 122HP 1.4L 4CIL 3P 5OCUP,AUTO,1
ZURICH,33426,AUDI,A1,2011,SPORT ONE TUR HB STD 122HP 1.4L 4CIL 3P 5OCUP,MANUAL,1
ZURICH,33427,AUDI,A1,2011,SPORT ONE TUR HB S TRONIC 122HP 1.4L 4CIL 3P 5OCUP,AUTO,1
ZURICH,33428,AUDI,A1,2012,COOL TUR HB STD 122HP 1.4L 4CIL 3P 5OCUP,MANUAL,1
ZURICH,33429,AUDI,A1,2012,COOL TUR HB S TRONIC 125HP 1.4L 4CIL 3P 5OCUP,AUTO,1
ZURICH,33430,AUDI,A1,2012,EGO TUR HB STD 122HP 1.4L 4CIL 3P 5OCUP,MANUAL,1
ZURICH,33431,AUDI,A1,2012,EGO TUR HB S TRONIC 122HP 1.4L 4CIL 3P 5OCUP,AUTO,1
ZURICH,33432,AUDI,A1,2012,ENVY TUR HB STD 122HP 1.4L 4CIL 3P 5OCUP,MANUAL,1
ZURICH,33433,AUDI,A1,2012,ENVY TUR HB S TRONIC 122HP 1.4L 4CIL 3P 5OCUP,AUTO,1
ZURICH,33434,AUDI,A1,2012,SPORT ONE TUR HB STD 122HP 1.4L 4CIL 3P 5OCUP,MANUAL,1
ZURICH,33435,AUDI,A1,2012,SPORT ONE TUR HB S TRONIC 122HP 1.4L 4CIL 3P 5OCUP,AUTO,1
ZURICH,33436,AUDI,A1,2012,COOL BOSE HB STD QC 122HP 1.4L 4CIL 3P 5OCUP,MANUAL,1
ZURICH,33437,AUDI,A1,2012,COOL BOSE HB S TRONIC QC 122HP 1.4L 4CIL 3P 5OCUP,AUTO,1
ZURICH,33438,AUDI,A1,2012,EGO BOSE HB STD QC 122HP 1.4L 4CIL 3P 5OCUP,MANUAL,1
ZURICH,33439,AUDI,A1,2012,EGO BOSE HB S TRONIC QC 122HP 1.4L 4CIL 3P 5OCUP,AUTO,1
ZURICH,33440,AUDI,A1,2012,ENVY BOSE HB STD 122HP 1.4L 4CIL 3P 5OCUP,MANUAL,1
ZURICH,33441,AUDI,A1,2012,ENVY BOSE HB S TRONIC 122HP 1.4L 4CIL 3P 5OCUP,AUTO,1
ZURICH,33442,AUDI,A1,2012,SLINE TUR HB S TRONIC 185HP 1.8L 4CIL 3P 5OCUP,AUTO,1
ZURICH,33443,AUDI,A1,2012,SLINE PLUS TUR HB S TRONIC 185HP 1.4L 4CIL 3P 5OCUP,AUTO,1
ZURICH,33444,AUDI,A1,2012,ENVY TUR HB STD VP 122HP 1.4L 4CIL 3P 5OCUP,MANUAL,1
ZURICH,33445,AUDI,A1,2012,ENVY TUR HB S TRONIC VP 122HP 1.4L 4CIL 3P 5OCUP,AUTO,1
ZURICH,33446,AUDI,A1,2012,UNION SQUARE HB S TRONIC VP 122HP 1.4L 4CIL 3P 5OCUP,AUTO,1
ZURICH,33447,AUDI,A1,2012,UNION SQUARE HB S TRONIC 122HP 1.4L 4CIL 3P 5OCUP,AUTO,1
ZURICH,33448,AUDI,A1,2013,COOL TUR HB STD 122HP 1.4L 4CIL 3P 5OCUP,MANUAL,1
ZURICH,33449,AUDI,A1,2013,COOL TUR HB S TRONIC 125HP 1.4L 4CIL 3P 5OCUP,AUTO,1
ZURICH,33450,AUDI,A1,2013,EGO TUR HB STD 122HP 1.4L 4CIL 3P 5OCUP,MANUAL,1
ZURICH,33451,AUDI,A1,2013,EGO TUR HB S TRONIC 122HP 1.4L 4CIL 3P 5OCUP,AUTO,1
ZURICH,33452,AUDI,A1,2013,SLINE TUR HB S TRONIC 185HP 1.8L 4CIL 3P 5OCUP,AUTO,1
ZURICH,33453,AUDI,A1,2013,SLINE PLUS TUR HB S TRONIC 185HP 1.4L 4CIL 3P 5OCUP,AUTO,1
ZURICH,33454,AUDI,A1,2013,ENVY TUR HB S TRONIC VP 122HP 1.4L 4CIL 3P 5OCUP,AUTO,1
ZURICH,33455,AUDI,A1,2013,UNION SQUARE HB S TRONIC VP 122HP 1.4L 4CIL 3P 5OCUP,AUTO,1
ZURICH,33456,AUDI,A1,2013,SLINE VERSION DE LANZAMIENTO HB S TRONIC 185HP 1.4L 4CIL 3P 5OCUP,AUTO,1
ZURICH,33457,AUDI,A1,2013,S LINE PLUS TFSI VER.LANZ. HB S TRONIC AA EE CD BA QC VP 182HP ABS 1.4L 4CIL 5P 5OCUP,AUTO,1
ZURICH,33458,AUDI,A1,2013,S LINE TFSI HB S TRONIC AA EE AM BA VP 182HP ABS 1.8L 4CIL 5P 5OCUP,AUTO,1
ZURICH,33459,AUDI,A1,2013,S LINE PLUS TFSI HB S TRONIC AA EE CD BA QC VP 182HP ABS 1.4L 4CIL 5P 5OCUP,AUTO,1
ZURICH,33460,AUDI,A1,2013,ENVY TFSI HB S TRONIC AA EE AM BA VP 122HP ABS 1.4L 4CIL 5P 5OCUP,AUTO,1
ZURICH,33461,AUDI,A1,2013,EGO TFSI HB S TRONIC AA EE CD BA 120HP ABS 1.4L 4CIL 5P 5OCUP,AUTO,1
ZURICH,33462,AUDI,A1,2013,EGO TFSI HB STD AA EE CD BA 120HP ABS 1.4L 4CIL 5P 5OCUP,MANUAL,1
ZURICH,33463,AUDI,A1,2013,COOL TFSI HB S TRONIC AA EE CD BA 120HP ABS 1.4L 4CIL 5P 5OCUP,AUTO,1
ZURICH,33464,AUDI,A1,2013,COOL TFSI HB STD AA EE CD BA 120HP ABS 1.4L 4CIL 5P 5OCUP,MANUAL,1
ZURICH,60782,AUDI,A1,2013,S LINE PLUS TFSI VER.LANZ. HB S TRONIC AA EE CD BA QC VP 182HP ABS 1.4,AUTO,1
ZURICH,60783,AUDI,A1,2013,S LINE TFSI HB S TRONIC AA EE CD BA VP 182HP ABS 1.8L 4CIL 5P 5OCUP,AUTO,1
ZURICH,60784,AUDI,A1,2013,S LINE PLUS TFSI HB S TRONIC AA EE CD BA QC VP 182HP ABS 1.4L 4CIL 5P,AUTO,1
ZURICH,60785,AUDI,A1,2013,ENVY TFSI HB S TRONIC AA EE CD BA VP 120HP ABS 1.4L 4CIL 5P 5OCUP,AUTO,1
ZURICH,33465,AUDI,A1,2014,COOL TUR HB STD 122HP 1.4L 4CIL 3P 5OCUP,MANUAL,1
ZURICH,33466,AUDI,A1,2014,COOL TUR HB S TRONIC 125HP 1.4L 4CIL 3P 5OCUP,AUTO,1
ZURICH,33467,AUDI,A1,2014,EGO TUR HB STD 122HP 1.4L 4CIL 3P 5OCUP,MANUAL,1
ZURICH,33468,AUDI,A1,2014,EGO TUR HB S TRONIC 122HP 1.4L 4CIL 3P 5OCUP,AUTO,1
ZURICH,33469,AUDI,A1,2014,SLINE TUR HB S TRONIC 185HP 1.8L 4CIL 3P 5OCUP,AUTO,1
ZURICH,33470,AUDI,A1,2014,ENVY TUR HB S TRONIC VP 122HP 1.4L 4CIL 3P 5OCUP,AUTO,1
ZURICH,33471,AUDI,A1,2014,S LINE TFSI HB S TRONIC AA EE AM BA VP 182HP ABS 1.8L 4CIL 5P 5OCUP,AUTO,1
ZURICH,33472,AUDI,A1,2014,ENVY TFSI HB S TRONIC AA EE AM BA VP 122HP ABS 1.4L 4CIL 5P 5OCUP,AUTO,1
ZURICH,33473,AUDI,A1,2014,EGO TFSI HB S TRONIC AA EE CD BA 120HP ABS 1.4L 4CIL 5P 5OCUP,AUTO,1
ZURICH,33474,AUDI,A1,2014,EGO TFSI HB STD AA EE CD BA 120HP ABS 1.4L 4CIL 5P 5OCUP,MANUAL,1
ZURICH,33475,AUDI,A1,2014,COOL TFSI HB S TRONIC AA EE CD BA 120HP ABS 1.4L 4CIL 5P 5OCUP,AUTO,1
ZURICH,33476,AUDI,A1,2014,COOL TFSI HB STD AA EE CD BA 120HP ABS 1.4L 4CIL 5P 5OCUP,MANUAL,1
ZURICH,33477,AUDI,A1,2014,SPORT TFSI HB S TRONIC AA EE CD BA 122HP ABS 1.4L 4CIL 3P 5OCUP,AUTO,1
ZURICH,33478,AUDI,A1,2014,SPORT TFSI HB S TRONIC AA EE CD BA 122HP ABS 1.4L 4CIL 5P 5OCUP,AUTO,1
ZURICH,60831,AUDI,A1,2014,ENVY TFSI HB S TRONIC AA EE CD BA VP 120HP ABS 1.4L 4CIL 5P 5OCUP,AUTO,1
ZURICH,60832,AUDI,A1,2014,S LINE TFSI HB S TRONIC AA EE CD BA VP 182HP ABS 1.8L 4CIL 5P 5OCUP,AUTO,1
ZURICH,33479,AUDI,A1,2015,COOL TUR HB STD 122HP 1.4L 4CIL 3P 5OCUP,MANUAL,1
ZURICH,33480,AUDI,A1,2015,COOL TUR HB S TRONIC 125HP 1.4L 4CIL 3P 5OCUP,AUTO,1
ZURICH,33481,AUDI,A1,2015,EGO TUR HB STD 122HP 1.4L 4CIL 3P 5OCUP,MANUAL,1
ZURICH,33482,AUDI,A1,2015,EGO TUR HB S TRONIC 122HP 1.4L 4CIL 3P 5OCUP,AUTO,1
ZURICH,33483,AUDI,A1,2015,SLINE TUR HB S TRONIC 185HP 1.8L 4CIL 3P 5OCUP,AUTO,1
ZURICH,33484,AUDI,A1,2015,S LINE TFSI HB S TRONIC AA EE AM BA VP 182HP ABS 1.8L 4CIL 5P 5OCUP,AUTO,1
ZURICH,33485,AUDI,A1,2015,EGO TFSI HB S TRONIC AA EE CD BA 120HP ABS 1.4L 4CIL 5P 5OCUP,AUTO,1
ZURICH,33486,AUDI,A1,2015,EGO TFSI HB STD AA EE CD BA 120HP ABS 1.4L 4CIL 5P 5OCUP,MANUAL,1
ZURICH,33487,AUDI,A1,2015,COOL TFSI HB S TRONIC AA EE CD BA 120HP ABS 1.4L 4CIL 5P 5OCUP,AUTO,1
ZURICH,33488,AUDI,A1,2015,COOL TFSI HB STD AA EE CD BA 120HP ABS 1.4L 4CIL 5P 5OCUP,MANUAL,1
ZURICH,33489,AUDI,A1,2015,RED EDITION HB S TRONIC AA EE CD BA 122HP ABS 1.4L 4CIL 5P 5OCUP,AUTO,1
ZURICH,60860,AUDI,A1,2015,S LINE TFSI HB S TRONIC AA EE CD BA VP 182HP ABS 1.8L 4CIL 5P 5OCUP,AUTO,1
ZURICH,72350,AUDI,A1,2015,A1 SB S LINE HB S TRONIC AA EE MP3 USB BA 185HP ABS 1.4L 4CIL 5P 6OCUP,,1
ZURICH,33490,AUDI,A1,2016,COOL TUR HB STD 122HP 1.4L 4CIL 3P 5OCUP,MANUAL,1
ZURICH,33491,AUDI,A1,2016,COOL TUR HB S TRONIC 125HP 1.4L 4CIL 3P 5OCUP,AUTO,1
ZURICH,33492,AUDI,A1,2016,EGO TUR HB STD 122HP 1.4L 4CIL 3P 5OCUP,MANUAL,1
ZURICH,33493,AUDI,A1,2016,EGO TUR HB S TRONIC 122HP 1.4L 4CIL 3P 5OCUP,AUTO,1
ZURICH,33494,AUDI,A1,2016,SLINE TUR HB S TRONIC 185HP 1.8L 4CIL 3P 5OCUP,AUTO,1
ZURICH,33495,AUDI,A1,2016,S LINE TFSI HB S TRONIC AA EE AM BA VP 182HP ABS 1.8L 4CIL 5P 5OCUP,AUTO,1
ZURICH,33496,AUDI,A1,2016,EGO TFSI HB S TRONIC AA EE CD BA 120HP ABS 1.4L 4CIL 5P 5OCUP,AUTO,1
ZURICH,33497,AUDI,A1,2016,EGO TFSI HB STD AA EE CD BA 120HP ABS 1.4L 4CIL 5P 5OCUP,MANUAL,1
ZURICH,33498,AUDI,A1,2016,COOL TFSI HB S TRONIC AA EE CD BA 120HP ABS 1.4L 4CIL 5P 5OCUP,AUTO,1
ZURICH,33499,AUDI,A1,2016,COOL TFSI HB STD AA EE CD BA 120HP ABS 1.4L 4CIL 5P 5OCUP,MANUAL,1
ZURICH,33500,AUDI,A1,2016,ACTIVE HB S TRONIC AA EE CD BA 123HP ABS 1.4L 4CIL 3P 5OCUP,AUTO,1
ZURICH,60905,AUDI,A1,2016,S LINE TFSI HB S TRONIC AA EE CD BA VP 182HP ABS 1.8L 4CIL 5P 5OCUP,AUTO,1
ZURICH,33501,AUDI,A1,2017,COOL TUR HB STD 122HP 1.4L 4CIL 3P 5OCUP,MANUAL,1
ZURICH,33502,AUDI,A1,2017,COOL TUR HB S TRONIC 125HP 1.4L 4CIL 3P 5OCUP,AUTO,1
ZURICH,33503,AUDI,A1,2017,EGO TUR HB STD 122HP 1.4L 4CIL 3P 5OCUP,MANUAL,1
ZURICH,33504,AUDI,A1,2017,EGO TUR HB S TRONIC 122HP 1.4L 4CIL 3P 5OCUP,AUTO,1
ZURICH,33505,AUDI,A1,2017,SLINE TUR HB S TRONIC 185HP 1.8L 4CIL 3P 5OCUP,AUTO,1
ZURICH,33506,AUDI,A1,2017,S LINE TFSI HB S TRONIC AA EE AM BA VP 182HP ABS 1.8L 4CIL 5P 5OCUP,AUTO,1
ZURICH,33507,AUDI,A1,2017,EGO TFSI HB S TRONIC AA EE CD BA 120HP ABS 1.4L 4CIL 5P 5OCUP,AUTO,1
ZURICH,33508,AUDI,A1,2017,EGO TFSI HB STD AA EE CD BA 120HP ABS 1.4L 4CIL 5P 5OCUP,MANUAL,1
ZURICH,33509,AUDI,A1,2017,COOL TFSI HB S TRONIC AA EE CD BA 120HP ABS 1.4L 4CIL 5P 5OCUP,AUTO,1
ZURICH,33510,AUDI,A1,2017,COOL TFSI HB STD AA EE CD BA 120HP ABS 1.4L 4CIL 5P 5OCUP,MANUAL,1
ZURICH,33511,AUDI,A1,2017,SPORTBACK URBAN HB S TRONIC AA EE CD BA 123HP ABS 1.4L 4CIL 5P 5OCUP,AUTO,1
ZURICH,33512,AUDI,A1,2017,SPORTBACK URBAN HB STD AA EE CD BA 123HP ABS 1.4L 4CIL 5P 5OCUP,MANUAL,1
ZURICH,33513,AUDI,A1,2017,URBAN HB S TRONIC AA EE CD BA 123HP ABS 1.4L 4CIL 3P 5OCUP,AUTO,1
ZURICH,33514,AUDI,A1,2017,URBAN HB STD AA EE CD BA 123HP ABS 1.4L 4CIL 3P 5OCUP,MANUAL,1
ZURICH,60950,AUDI,A1,2017,S LINE TFSI HB S TRONIC AA EE CD BA VP 182HP ABS 1.8L 4CIL 5P 5OCUP,AUTO,1
ZURICH,72351,AUDI,A1,2017,A1 EGO HB AUT 125HP 1.4L 4CIL 3P 5OCUP,,1
ZURICH,70651,AUDI,A1,2017,SPORTBACK HB S TRONIC AA EE CD BA VP 125HP ABS 2L 4CIL 5P 5OCUP,AUTO,1
ZURICH,33515,AUDI,A1,2018,COOL TUR HB STD 122HP 1.4L 4CIL 3P 5OCUP,MANUAL,1
ZURICH,33516,AUDI,A1,2018,COOL TUR HB S TRONIC 125HP 1.4L 4CIL 3P 5OCUP,AUTO,1
ZURICH,33517,AUDI,A1,2018,EGO TUR HB S TRONIC 122HP 1.4L 4CIL 3P 5OCUP,AUTO,1
ZURICH,33518,AUDI,A1,2018,SLINE TUR HB S TRONIC 185HP 1.8L 4CIL 3P 5OCUP,AUTO,1
ZURICH,33519,AUDI,A1,2018,S LINE TFSI HB S TRONIC AA EE AM BA VP 182HP ABS 1.8L 4CIL 5P 5OCUP,AUTO,1
ZURICH,33520,AUDI,A1,2018,EGO TFSI HB S TRONIC AA EE CD BA 120HP ABS 1.4L 4CIL 5P 5OCUP,AUTO,1
ZURICH,33521,AUDI,A1,2018,COOL TFSI HB S TRONIC AA EE CD BA 120HP ABS 1.4L 4CIL 5P 5OCUP,AUTO,1
ZURICH,33522,AUDI,A1,2018,COOL TFSI HB STD AA EE CD BA 120HP ABS 1.4L 4CIL 5P 5OCUP,MANUAL,1
ZURICH,33523,AUDI,A1,2018,URBAN HB S TRONIC AA EE CD BA 123HP ABS 1.4L 4CIL 3P 5OCUP,AUTO,1
ZURICH,33524,AUDI,A1,2018,URBAN HB STD AA EE CD BA 123HP ABS 1.4L 4CIL 3P 5OCUP,MANUAL,1
ZURICH,33525,AUDI,A1,2018,URBAN HB S TRONIC AA EE CD BA 123HP ABS 1.4L 4CIL 5P 5OCUP,AUTO,1
ZURICH,33526,AUDI,A1,2018,URBAN HB STD AA EE CD BA 123HP ABS 1.4L 4CIL 5P 5OCUP,MANUAL,1
ZURICH,60994,AUDI,A1,2018,S LINE TFSI HB S TRONIC AA EE CD BA VP 182HP ABS 1.8L 4CIL 5P 5OCUP,AUTO,1
ZURICH,55592,AUDI,A1,2020,SPORTBACK URBAN HB S TRONIC AA EE CD BA 116HP ABS 1L 3CIL 5P 5OCUP,AUTO,1
ZURICH,55593,AUDI,A1,2020,SPORTBACK COOL HB S TRONIC AA EE CD BA 116HP ABS 1L 3CIL 5P 5OCUP,AUTO,1
ZURICH,55594,AUDI,A1,2020,SPORTBACK EGO HB S TRONIC AA EE CD BA 150HP ABS 1.5L 4CIL 5P 5OCUP,AUTO,1
ZURICH,55595,AUDI,A1,2020,SPORTBACK S LINE HB S TRONIC AA EE CD BA VP 200HP ABS 2L 4CIL 5P 5OCUP,AUTO,1
ZURICH,59633,AUDI,A1,2021,SPORTBACK URBAN HB S TRONIC AA EE CD BA 116HP ABS 1L 3CIL 5P 5OCUP,AUTO,1
ZURICH,59634,AUDI,A1,2021,SPORTBACK COOL HB S TRONIC AA EE CD BA 116HP ABS 1L 3CIL 5P 5OCUP,AUTO,1
ZURICH,59635,AUDI,A1,2021,SPORTBACK EGO HB S TRONIC AA EE CD BA 150HP ABS 1.5L 4CIL 5P 5OCUP,AUTO,1
ZURICH,59636,AUDI,A1,2021,SPORTBACK S LINE HB S TRONIC AA EE CD BA VP 200HP ABS 2L 4CIL 5P 5OCUP,AUTO,1
ZURICH,68651,AUDI,A1,2022,SPORTBACK URBAN HB S TRONIC AA EE CD BA 116HP ABS 1L 3CIL 5P 5OCUP,AUTO,1
ZURICH,68652,AUDI,A1,2022,SPORTBACK COOL HB S TRONIC AA EE CD BA 116HP ABS 1L 3CIL 5P 5OCUP,AUTO,1
ZURICH,68653,AUDI,A1,2022,SPORTBACK EGO HB S TRONIC AA EE CD BA 150HP ABS 1.5L 4CIL 5P 5OCUP,AUTO,1
ZURICH,68654,AUDI,A1,2022,SPORTBACK S LINE HB S TRONIC AA EE CD BA VP 200HP ABS 2L 4CIL 5P 5OCUP,AUTO,1
ZURICH,69787,AUDI,A1,2023,SPORTBACK URBAN HB S TRONIC AA EE CD BA 116HP ABS 1L 3CIL 5P 5OCUP,AUTO,1
ZURICH,69788,AUDI,A1,2023,SPORTBACK COOL HB S TRONIC AA EE CD BA 116HP ABS 1L 3CIL 5P 5OCUP,AUTO,1
ZURICH,69789,AUDI,A1,2023,SPORTBACK EGO HB S TRONIC AA EE CD BA 150HP ABS 1.5L 4CIL 5P 5OCUP,AUTO,1
ZURICH,69790,AUDI,A1,2023,SPORTBACK S LINE HB S TRONIC AA EE CD BA VP 200HP ABS 2L 4CIL 5P 5OCUP,AUTO,1
ZURICH,70652,AUDI,A1,2024,SB 30 COOL HB S TRONIC AA EE MP3 USB BA 116HP ABS 1L 3CIL 5P 5OCUP,AUTO,1
ZURICH,70653,AUDI,A1,2024,SB 35 EGO HB S TRONIC AA EE MP3 USB BA 150HP ABS 1.5L 4CIL 5P 5OCUP,AUTO,1
ZURICH,70654,AUDI,A1,2024,SB 40 S LINE HB S TRONIC AA EE MP3 USB BA 200HP ABS 2L 4CIL 5P 5OCUP,AUTO,1
ZURICH,72352,AUDI,A1,2024,A1 SPORTBACK COOL HB S TRONIC AA EE CD BA 116HP ABS 1L 3CIL 5P 5OCUP,,1
ZURICH,72353,AUDI,A1,2024,A1 SPORTBACK EGO HB S TRONIC AA EE CD BA 150HP ABS 1.5L 4CIL 5P 5OCUP,,1
ZURICH,72354,AUDI,A1,2025,A1 SB 30 COOL HB S TRONIC AA EE MP3 USB BA 116HP ABS 1L 3CIL 5P 5OCUP,,1
ZURICH,72355,AUDI,A1,2025,A1 SPORTBACK BLACK EGO EDITION HB AUT AA EE CD BA 150HP ABS 1.5L 4CIL 5P 5OCUP,,1
ZURICH,72356,AUDI,A1,2025,A1 SPORTABACK S LINE 30 HB S TRONIC AA EE CD BA VP 116HP ABS 1L 3CIL 5P 5OCUP,,1
ZURICH,72357,AUDI,A1,2025,A1 SPORTABACK EGO 30 HB S TRONIC AA EE CD BA VP 116HP ABS 1L 3CIL 5P 5OCUP,,1
ZURICH,32737,AUDI,A3,2000,AMBITION HB AUT CD BA VP 150HP ABS 1.8L 4CIL 3P 5OCUP,AUTO,1
ZURICH,32738,AUDI,A3,2000,ATTRACTION TUR HB AUT BA 150HP ABS 1.8L 4CIL 3P 5OCUP,AUTO,1
ZURICH,32739,AUDI,A3,2000,AMBITION HB STD CD BA VP 180HP ABS 1.8L 4CIL 3P 5OCUP,MANUAL,1
ZURICH,32740,AUDI,A3,2000,TUR AMBITION HB STD CD BA 150HP ABS 1.8L 4CIL 3P 5OCUP,MANUAL,1
ZURICH,32741,AUDI,A3,2000,TUR AMBITION HB AUT CD BA 150HP ABS 1.8L 4CIL 3P 5OCUP,AUTO,1
ZURICH,32742,AUDI,A3,2000,ATTRACTION TUR HB STD BA 150HP ABS 1.8L 4CIL 3P 5OCUP,MANUAL,1
ZURICH,32743,AUDI,A3,2000,TUR AMBITION HB STD CD BA 180HP ABS 1.8L 4CIL 3P 5OCUP,MANUAL,1
ZURICH,32744,AUDI,A3,2001,AMBITION HB STD CD BA VP 150HP ABS 1.8L 4CIL 3P 5OCUP,MANUAL,1
ZURICH,32745,AUDI,A3,2001,AMBITION HB AUT CD BA VP 150HP ABS 1.8L 4CIL 3P 5OCUP,AUTO,1
ZURICH,32746,AUDI,A3,2001,AMBIENTE HB STD BA 150HP ABS 2.0L 4CIL 3P 5OCUP,MANUAL,1
ZURICH,32747,AUDI,A3,2001,AMBIENTE HB TIPTRONIC BA 150HP ABS 2.0L 4CIL 3P 5OCUP,AUTO,1
ZURICH,32748,AUDI,A3,2001,SPORTBACK ATTRACTION HB STD CD BA QC 180HP ABS 1.8L 4CIL 5P 5OCUP,MANUAL,1
ZURICH,32749,AUDI,A3,2001,SPORTBACK ATTRACTION HB TIPTRONIC CD BA QC 180HP ABS 1.8L 4CIL 5P 5OCUP,AUTO,1
ZURICH,32750,AUDI,A3,2001,ATTRACTION HB STD CD BA QC 180HP ABS 1.8L 4CIL 3P 5OCUP,MANUAL,1
ZURICH,32751,AUDI,A3,2001,ATTRACTION HB TIPTRONIC CD BA QC 180HP ABS 1.8L 4CIL 3P 5OCUP,AUTO,1
ZURICH,32752,AUDI,A3,2001,AMBITION HB STD CD BA VP 180HP ABS 1.8L 4CIL 3P 5OCUP,MANUAL,1
ZURICH,32753,AUDI,A3,2001,AMBITION HB AUT CD BA VP 180HP ABS 1.8L 4CIL 3P 5OCUP,AUTO,1
ZURICH,60658,AUDI,A3,2001,AMBIENTE HB STD BA 150HP ABS 2L 4CIL 3P 5OCUP,MANUAL,1
ZURICH,60659,AUDI,A3,2001,AMBIENTE HB TIPTRONIC BA 150HP ABS 2L 4CIL 3P 5OCUP,AUTO,1
ZURICH,60660,AUDI,A3,2001,SPORTBACK ATTRACTION HB TIPTRONIC CD BA QC 180HP ABS 1.8L 4CIL 5P 5OCU,AUTO,1
ZURICH,32754,AUDI,A3,2002,SPORTBACK ATTRACTION HB STD BA 180HP ABS 1.8L 4CIL 5P 5OCUP,MANUAL,1
ZURICH,32755,AUDI,A3,2002,SPORTBACK ATTRACTION HB AUT BA 180HP ABS 1.8L 4CIL 5P 5OCUP,AUTO,1
ZURICH,32756,AUDI,A3,2002,AMBIENTE HB STD BA 150HP ABS 2.0L 4CIL 3P 5OCUP,MANUAL,1
ZURICH,32757,AUDI,A3,2002,AMBIENTE HB TIPTRONIC BA 150HP ABS 2.0L 4CIL 3P 5OCUP,AUTO,1
ZURICH,32758,AUDI,A3,2002,SPORTBACK ATTRACTION HB STD CD BA QC 180HP ABS 1.8L 4CIL 5P 5OCUP,MANUAL,1
ZURICH,32759,AUDI,A3,2002,SPORTBACK ATTRACTION HB TIPTRONIC CD BA QC 180HP ABS 1.8L 4CIL 5P 5OCUP,AUTO,1
ZURICH,32760,AUDI,A3,2002,SPORTBACK AMBIENTE HB STD BA 180HP ABS 2L 4CIL 5P 5OCUP,MANUAL,1
ZURICH,32761,AUDI,A3,2002,SPORTBACK AMBIENTE HB AUT BA 180HP ABS 2L 4CIL 5P 5OCUP,AUTO,1
ZURICH,32762,AUDI,A3,2002,ATTRACTION HB STD CD BA QC 180HP ABS 1.8L 4CIL 3P 5OCUP,MANUAL,1
ZURICH,32763,AUDI,A3,2002,ATTRACTION HB TIPTRONIC CD BA QC 180HP ABS 1.8L 4CIL 3P 5OCUP,AUTO,1
ZURICH,32764,AUDI,A3,2002,SPORTBACK ADVANCE HB STD BA VP 180HP ABS 1.8L 4CIL 5P 5OCUP,MANUAL,1
ZURICH,32765,AUDI,A3,2002,SPORTBACK ADVANCE HB TIPTRONIC BA VP 180HP ABS 1.8L 4CIL 5P 5OCUP,AUTO,1
ZURICH,32766,AUDI,A3,2002,SPORTBACK ADVANCE HB STD CD BA QC VP 180HP ABS 1.8L 4CIL 5P 5OCUP,MANUAL,1
ZURICH,32767,AUDI,A3,2002,SPORTBACK ADVANCE HB AUT BA VP 180HP ABS 1.8L 4CIL 5P 5OCUP,AUTO,1
ZURICH,60661,AUDI,A3,2002,AMBIENTE HB STD BA 150HP ABS 2L 4CIL 3P 5OCUP,MANUAL,1
ZURICH,60662,AUDI,A3,2002,AMBIENTE HB TIPTRONIC BA 150HP ABS 2L 4CIL 3P 5OCUP,AUTO,1
ZURICH,60663,AUDI,A3,2002,SPORTBACK ATTRACTION HB TIPTRONIC CD BA QC 180HP ABS 1.8L 4CIL 5P 5OCU,AUTO,1
ZURICH,32768,AUDI,A3,2003,AMBIENTE HB STD BA 150HP ABS 2.0L 4CIL 3P 5OCUP,MANUAL,1
ZURICH,32769,AUDI,A3,2003,AMBIENTE HB TIPTRONIC BA 150HP ABS 2.0L 4CIL 3P 5OCUP,AUTO,1
ZURICH,32770,AUDI,A3,2003,SPORTBACK ATTRACTION HB STD CD BA QC 180HP ABS 1.8L 4CIL 5P 5OCUP,MANUAL,1
ZURICH,32771,AUDI,A3,2003,SPORTBACK ATTRACTION HB TIPTRONIC CD BA QC 180HP ABS 1.8L 4CIL 5P 5OCUP,AUTO,1
ZURICH,32772,AUDI,A3,2003,SPORTBACK AMBIENTE HB STD BA 180HP ABS 2L 4CIL 5P 5OCUP,MANUAL,1
ZURICH,32773,AUDI,A3,2003,SPORTBACK AMBIENTE HB AUT BA 180HP ABS 2L 4CIL 5P 5OCUP,AUTO,1
ZURICH,32774,AUDI,A3,2003,ATTRACTION HB STD CD BA QC 180HP ABS 1.8L 4CIL 3P 5OCUP,MANUAL,1
ZURICH,32775,AUDI,A3,2003,ATTRACTION HB TIPTRONIC CD BA QC 180HP ABS 1.8L 4CIL 3P 5OCUP,AUTO,1
ZURICH,32776,AUDI,A3,2003,SPORTBACK ADVANCE HB STD BA VP 180HP ABS 1.8L 4CIL 5P 5OCUP,MANUAL,1
ZURICH,32777,AUDI,A3,2003,SPORTBACK ADVANCE HB TIPTRONIC BA VP 180HP ABS 1.8L 4CIL 5P 5OCUP,AUTO,1
ZURICH,60664,AUDI,A3,2003,AMBIENTE HB STD BA 150HP ABS 2L 4CIL 3P 5OCUP,MANUAL,1
ZURICH,60665,AUDI,A3,2003,AMBIENTE HB TIPTRONIC BA 150HP ABS 2L 4CIL 3P 5OCUP,AUTO,1
ZURICH,60666,AUDI,A3,2003,SPORTBACK ATTRACTION HB TIPTRONIC CD BA QC 180HP ABS 1.8L 4CIL 5P 5OCU,AUTO,1
ZURICH,32778,AUDI,A3,2004,AMBIENTE HB STD BA 150HP ABS 2.0L 4CIL 3P 5OCUP,MANUAL,1
ZURICH,32779,AUDI,A3,2004,AMBIENTE HB TIPTRONIC BA 150HP ABS 2.0L 4CIL 3P 5OCUP,AUTO,1
ZURICH,32780,AUDI,A3,2004,SPORTBACK ATTRACTION HB STD CD BA QC 180HP ABS 1.8L 4CIL 5P 5OCUP,MANUAL,1
ZURICH,32781,AUDI,A3,2004,SPORTBACK ATTRACTION HB TIPTRONIC CD BA QC 180HP ABS 1.8L 4CIL 5P 5OCUP,AUTO,1
ZURICH,32782,AUDI,A3,2004,SPORTBACK AMBIENTE HB STD BA 180HP ABS 2L 4CIL 5P 5OCUP,MANUAL,1
ZURICH,32783,AUDI,A3,2004,SPORTBACK AMBIENTE HB AUT BA 180HP ABS 2L 4CIL 5P 5OCUP,AUTO,1
ZURICH,32784,AUDI,A3,2004,SPORTBACK ADVANCE HB STD BA VP 180HP ABS 1.8L 4CIL 5P 5OCUP,MANUAL,1
ZURICH,32785,AUDI,A3,2004,SPORTBACK ADVANCE HB TIPTRONIC BA VP 180HP ABS 1.8L 4CIL 5P 5OCUP,AUTO,1
ZURICH,32786,AUDI,A3,2004,ATTRACTION R17 HB STD CD BA QC 200HP ABS 2L 4CIL 3P 5OCUP,MANUAL,1
ZURICH,32787,AUDI,A3,2004,ATTRACTION R17 HB TIPTRONIC CD BA QC 200HP ABS 2L 4CIL 3P 5OCUP,AUTO,1
ZURICH,32788,AUDI,A3,2004,ATTRACTION PLUS HB STD BA VP 200HP ABS 2L 4CIL 3P 5OCUP,MANUAL,1
ZURICH,32789,AUDI,A3,2004,ATTRACTION PLUS HB TIPTRONIC BA 200HP ABS 2L 4CIL 3P 5OCUP,AUTO,1
ZURICH,32790,AUDI,A3,2004,QUATTRO HB STD BA VP 250HP ABS 3.2L 6CIL 3P 5OCUP,MANUAL,1
ZURICH,32791,AUDI,A3,2004,AMBIENTE R16 HB STD BA 150HP ABS 2L 4CIL 3P 5OCUP,MANUAL,1
ZURICH,32792,AUDI,A3,2004,AMBIENTE HB AUT BA 180HP ABS 2L 4CIL 3P 5OCUP,AUTO,1
ZURICH,60667,AUDI,A3,2004,AMBIENTE HB STD BA 150HP ABS 2L 4CIL 3P 5OCUP,MANUAL,1
ZURICH,60668,AUDI,A3,2004,AMBIENTE HB TIPTRONIC BA 150HP ABS 2L 4CIL 3P 5OCUP,AUTO,1
ZURICH,60669,AUDI,A3,2004,SPORTBACK ATTRACTION HB TIPTRONIC CD BA QC 180HP ABS 1.8L 4CIL 5P 5OCU,AUTO,1
ZURICH,32793,AUDI,A3,2005,AMBIENTE HB TIPTRONIC BA 150HP ABS 2L 4CIL 3P 5OCUP,AUTO,1
ZURICH,32794,AUDI,A3,2005,ATTRACTION R17 HB STD CD BA QC 200HP ABS 2L 4CIL 3P 5OCUP,MANUAL,1
ZURICH,32795,AUDI,A3,2005,ATTRACTION R17 HB TIPTRONIC CD BA QC 200HP ABS 2L 4CIL 3P 5OCUP,AUTO,1
ZURICH,32796,AUDI,A3,2005,ATTRACTION PLUS HB STD BA VP 200HP ABS 2L 4CIL 3P 5OCUP,MANUAL,1
ZURICH,32797,AUDI,A3,2005,ATTRACTION PLUS HB TIPTRONIC BA 200HP ABS 2L 4CIL 3P 5OCUP,AUTO,1
ZURICH,32798,AUDI,A3,2005,QUATTRO HB STD BA VP 250HP ABS 3.2L 6CIL 3P 5OCUP,MANUAL,1
ZURICH,32799,AUDI,A3,2005,AMBIENTE R16 HB STD BA 150HP ABS 2L 4CIL 3P 5OCUP,MANUAL,1
ZURICH,32800,AUDI,A3,2005,QUATTRO HB DSG BA VP 250HP ABS 3.2L 6CIL 3P 5OCUP,AUTO,1
ZURICH,32801,AUDI,A3,2005,SPORTBACK AMBIENTE FSI HB STD BA 200HP ABS 2L 4CIL 5P 5OCUP,MANUAL,1
ZURICH,32802,AUDI,A3,2005,SPORTBACK AMBIENTE HB TIPTRONIC BA 200HP ABS 2L 4CIL 5P 5OCUP,AUTO,1
ZURICH,32803,AUDI,A3,2005,SPORTBACK ATTRACTION HB STD BA 200HP ABS 2L 4CIL 5P 5OCUP,MANUAL,1
ZURICH,32804,AUDI,A3,2005,SPORTBACK ATTRACTION HB TIPTRONIC BA 200HP ABS 2L 4CIL 5P 5OCUP,AUTO,1
ZURICH,32805,AUDI,A3,2005,SPORTBACK ATTRACTION PLUS HB STD BA 200HP ABS 2L 4CIL 5P 5OCUP,MANUAL,1
ZURICH,32806,AUDI,A3,2005,SPORTBACK ATTRACTION PLUS HB TIPTRONIC BA 200HP ABS 2L 4CIL 5P 5OCUP,AUTO,1
ZURICH,32807,AUDI,A3,2005,SPORTBACK ATTRACTION TUR HB DSG BA 200HP ABS 2L 4CIL 5P 5OCUP,AUTO,1
ZURICH,32808,AUDI,A3,2005,SPORTBACK ATTRACTION TUR PLUS HB DSG BA 200HP ABS 2L 4CIL 5P 5OCUP,AUTO,1
ZURICH,32809,AUDI,A3,2006,AMBIENTE HB TIPTRONIC BA 150HP ABS 2L 4CIL 3P 5OCUP,AUTO,1
ZURICH,32810,AUDI,A3,2006,ATTRACTION R17 HB STD CD BA QC 200HP ABS 2L 4CIL 3P 5OCUP,MANUAL,1
ZURICH,32811,AUDI,A3,2006,ATTRACTION R17 HB TIPTRONIC CD BA QC 200HP ABS 2L 4CIL 3P 5OCUP,AUTO,1
ZURICH,32812,AUDI,A3,2006,ATTRACTION PLUS HB STD BA VP 200HP ABS 2L 4CIL 3P 5OCUP,MANUAL,1
ZURICH,32813,AUDI,A3,2006,ATTRACTION PLUS HB TIPTRONIC BA 200HP ABS 2L 4CIL 3P 5OCUP,AUTO,1
ZURICH,32814,AUDI,A3,2006,QUATTRO HB STD BA VP 250HP ABS 3.2L 6CIL 3P 5OCUP,MANUAL,1
ZURICH,32815,AUDI,A3,2006,AMBIENTE R16 HB STD BA 150HP ABS 2L 4CIL 3P 5OCUP,MANUAL,1
ZURICH,32816,AUDI,A3,2006,AMBIENTE HB TIPTRONIC BA QC 150HP ABS 2L 4CIL 3P 5OCUP,AUTO,1
ZURICH,32817,AUDI,A3,2006,QUATTRO HB DSG BA VP 250HP ABS 3.2L 6CIL 3P 5OCUP,AUTO,1
ZURICH,32818,AUDI,A3,2006,SPORTBACK AMBIENTE FSI HB STD BA 200HP ABS 2L 4CIL 5P 5OCUP,MANUAL,1
ZURICH,32819,AUDI,A3,2006,SPORTBACK ATTRACTION HB STD BA 200HP ABS 2L 4CIL 5P 5OCUP,MANUAL,1
ZURICH,32820,AUDI,A3,2006,SPORTBACK ATTRACTION HB TIPTRONIC BA 200HP ABS 2L 4CIL 5P 5OCUP,AUTO,1
ZURICH,32821,AUDI,A3,2006,SPORTBACK ATTRACTION PLUS HB STD BA 200HP ABS 2L 4CIL 5P 5OCUP,MANUAL,1
ZURICH,32822,AUDI,A3,2006,SPORTBACK ATTRACTION PLUS HB TIPTRONIC BA 200HP ABS 2L 4CIL 5P 5OCUP,AUTO,1
ZURICH,32823,AUDI,A3,2006,SPORTBACK ATTRACTION TUR PLUS HB DSG BA 200HP ABS 2L 4CIL 5P 5OCUP,AUTO,1
ZURICH,32824,AUDI,A3,2006,SPORTBACK QUATTRO HB STD BA 250HP ABS 3.2L 6CIL 5P 5OCUP,MANUAL,1
ZURICH,32825,AUDI,A3,2006,SPORTBACK QUATTRO HB DSG BA 250HP ABS 3.2L 6CIL 5P 5OCUP,AUTO,1
ZURICH,32826,AUDI,A3,2006,SLINE FSI TUR HB DSG BA 200HP ABS 2L 4CIL 3P 5OCUP,AUTO,1
ZURICH,32827,AUDI,A3,2006,ATTRACTION FSI TUR PLUS HB DSG BA 200HP ABS 2L 4CIL 3P 5OCUP,AUTO,1
ZURICH,32828,AUDI,A3,2006,SPORTBACK SLINE FSI TUR HB DSG BA 200HP ABS 2L 4CIL 5P 5OCUP,AUTO,1
ZURICH,32829,AUDI,A3,2006,SPORTBACK ATTRACTION FSI TUR HB DSG BA 200HP ABS 2L 4CIL 5P 5OCUP,AUTO,1
ZURICH,32830,AUDI,A3,2006,AMBIENTE R16 HB STD BA QC 150HP ABS 2L 4CIL 3P 5OCUP,MANUAL,1
ZURICH,32831,AUDI,A3,2006,ATTRACTION FSI TUR HB DSG BA 200HP ABS 2L 4CIL 3P 5OCUP,AUTO,1
ZURICH,32832,AUDI,A3,2006,SPORTBACK AMBIENTE FSI HB TIPTRONIC BA 200HP ABS 2.0L 4CIL 5P 5OCUP,AUTO,1
ZURICH,60673,AUDI,A3,2006,SPORTBACK AMBIENTE FSI HB TIPTRONIC BA 200HP ABS 2L 4CIL 5P 5OCUP,AUTO,1
ZURICH,32833,AUDI,A3,2007,ATTRACTION R17 HB STD CD BA QC 200HP ABS 2L 4CIL 3P 5OCUP,MANUAL,1
ZURICH,32834,AUDI,A3,2007,AMBIENTE FSI HB STD BA 150HP ABS 2L 4CIL 3P 5OCUP,MANUAL,1
ZURICH,32835,AUDI,A3,2007,AMBIENTE FSI HB TIPTRONIC BA 150HP ABS 2L 4CIL 3P 5OCUP,AUTO,1
ZURICH,32836,AUDI,A3,2007,AMBIENTE HB TIPTRONIC BA QC 150HP ABS 2L 4CIL 3P 5OCUP,AUTO,1
ZURICH,32837,AUDI,A3,2007,QUATTRO HB STD 250HP 3.2L 6CIL 3P 5OCUP,MANUAL,1
ZURICH,32838,AUDI,A3,2007,SPORTBACK AMBIENTE FSI HB STD BA 200HP ABS 2L 4CIL 5P 5OCUP,MANUAL,1
ZURICH,32839,AUDI,A3,2007,SPORTBACK AMBIENTE HB TIPTRONIC BA 200HP ABS 2L 4CIL 5P 5OCUP,AUTO,1
ZURICH,32840,AUDI,A3,2007,SPORTBACK ATTRACTION HB TIPTRONIC BA 200HP ABS 2L 4CIL 5P 5OCUP,AUTO,1
ZURICH,32841,AUDI,A3,2007,SPORTBACK ATTRACTION PLUS HB STD BA 200HP ABS 2L 4CIL 5P 5OCUP,MANUAL,1
ZURICH,32842,AUDI,A3,2007,SPORTBACK ATTRACTION PLUS HB TIPTRONIC BA 200HP ABS 2L 4CIL 5P 5OCUP,AUTO,1
ZURICH,32843,AUDI,A3,2007,SPORTBACK QUATTRO HB STD BA 250HP ABS 3.2L 6CIL 5P 5OCUP,MANUAL,1
ZURICH,32844,AUDI,A3,2007,LIMITED EDITION FSI HB STD BA 150HP ABS 2L 4CIL 3P 5OCUP,MANUAL,1
ZURICH,32845,AUDI,A3,2007,LIMITED EDITION HB TIPTRONIC BA 200HP ABS 2L 4CIL 3P 5OCUP,AUTO,1
ZURICH,32846,AUDI,A3,2007,SPORTBACK LD EDITION HB STD BA 150HP ABS 2L 4CIL 5P 5OCUP,MANUAL,1
ZURICH,32847,AUDI,A3,2007,SPORTBACK LD EDITION HB TIPTRONIC BA 150HP ABS 2L 4CIL 5P 5OCUP,AUTO,1
ZURICH,32848,AUDI,A3,2007,ATTRACTION FSI HB TIPTRONIC CD BA QC 200HP ABS 2L 4CIL 3P 5OCUP,AUTO,1
ZURICH,32849,AUDI,A3,2007,ATTRACTION PLUS FSI HB STD BA VP 200HP ABS 2L 4CIL 3P 5OCUP,MANUAL,1
ZURICH,32850,AUDI,A3,2007,ATTRACTION PLUS FSI HB TIPTRONIC BA 200HP ABS 2L 4CIL 3P 5OCUP,AUTO,1
ZURICH,32851,AUDI,A3,2007,SLINE FSI HB STD 200HP 2L 4CIL 3P 5OCUP,MANUAL,1
ZURICH,32852,AUDI,A3,2007,SLINE FSI TUR HB S TRONIC 200HP 2L 4CIL 3P 5OCUP,AUTO,1
ZURICH,32853,AUDI,A3,2007,AMBIENTE FSI TUR HB STD 160HP 1.8L 4CIL 3P 5OCUP,MANUAL,1
ZURICH,32854,AUDI,A3,2007,AMBIENTE FSI TUR HB S TRONIC 160HP 1.8L 4CIL 3P 5OCUP,AUTO,1
ZURICH,32855,AUDI,A3,2007,ATTRACTION FSI HB STD 160HP 1.8L 4CIL 3P 5OCUP,MANUAL,1
ZURICH,32856,AUDI,A3,2007,ATTRACTION FSI TUR HB S TRONIC 160HP 1.8L 4CIL 3P 5OCUP,AUTO,1
ZURICH,32857,AUDI,A3,2007,ATTRACTION FSI TUR HB STD 200HP 2L 4CIL 3P 5OCUP,MANUAL,1
ZURICH,32858,AUDI,A3,2007,ATTRACTION FSI TUR HB S TRONIC 200HP 2L 4CIL 3P 5OCUP,AUTO,1
ZURICH,32859,AUDI,A3,2007,ATTRACTION PLUS FSI TUR HB STD 200HP 2L 4CIL 3P 5OCUP,MANUAL,1
ZURICH,32860,AUDI,A3,2007,ATTRACTION PLUS TUR HB S TRONIC 200HP 2L 4CIL 3P 5OCUP,AUTO,1
ZURICH,32861,AUDI,A3,2007,SPORTBACK AMBIENTE TUR HB S TRONIC 160HP ABS 1.8L 4CIL 5P 5OCUP,AUTO,1
ZURICH,32862,AUDI,A3,2007,SPORTBACK AMBIENTE HB S TRONIC BA 160HP ABS 1.8L 4CIL 5P 5OCUP,AUTO,1
ZURICH,32863,AUDI,A3,2007,SPORTBACK ATTRACTION HB STD 160HP 1.8L 4CIL 5P 5OCUP,MANUAL,1
ZURICH,32864,AUDI,A3,2007,SPORTBACK ATTRACTION HB S TRONIC 160HP 1.8L 4CIL 5P 5OCUP,AUTO,1
ZURICH,32865,AUDI,A3,2007,SPORTBACK ATTRACTION PLUS HB STD 160HP 1.8L 4CIL 5P 5OCUP,MANUAL,1
ZURICH,32866,AUDI,A3,2007,SPORTBACK ATTRACTION PLUS HB S TRONIC 160HP 1.8L 4CIL 5P 5OCUP,AUTO,1
ZURICH,32867,AUDI,A3,2007,SPORTBACK ATTRACTION FSI HB STD BA 200HP ABS 2L 4CIL 5P 5OCUP,MANUAL,1
ZURICH,32868,AUDI,A3,2007,SPORTBACK ATTRACTION FSI HB S TRONIC 200HP 2L 4CIL 5P 5OCUP,AUTO,1
ZURICH,32869,AUDI,A3,2007,SPORTBACK ATTRACTION PLUS TUR HB STD 200HP 2L 4CIL 5P 5OCUP,MANUAL,1
ZURICH,32870,AUDI,A3,2007,SPORTBACK ATTRACTION PLUS HB S TRONIC 200HP 2L 4CIL 5P 5OCUP,AUTO,1
ZURICH,32871,AUDI,A3,2007,ATRACTION PLUS FSI HB STD BA 160HP ABS 1.8L 4CIL 3P 5OCUP,MANUAL,1
ZURICH,32872,AUDI,A3,2007,ATRACTION PLUS TUR HB S TRONIC BA 160HP ABS 1.8L 4CIL 3P 5OCUP,AUTO,1
ZURICH,32873,AUDI,A3,2007,SPORTBACK SLINE FSI TUR HB STD 200HP 2L 4CIL 5P 5OCUP,MANUAL,1
ZURICH,32874,AUDI,A3,2007,SPORTBACK SLINE HB S TRONIC 200HP 2L 4CIL 5P 5OCUP,AUTO,1
ZURICH,32875,AUDI,A3,2007,SPORTBACK QUATTRO HB S TRONIC 250HP 3.2L 6CIL 5P 5OCUP,AUTO,1
ZURICH,32876,AUDI,A3,2007,SPORTBACK X ANIV. HB STD BA 200HP ABS 2L 4CIL 5P 5OCUP,MANUAL,1
ZURICH,32877,AUDI,A3,2007,SPORTBACK X ANIV. HB S TRONIC BA 200HP ABS 2L 4CIL 5P 5OCUP,AUTO,1
ZURICH,32878,AUDI,A3,2007,X ANIV. TUR HB STD BA 200HP ABS 2.0L 4CIL 3P 5OCUP,MANUAL,1
ZURICH,32879,AUDI,A3,2007,X ANIV. TUR HB S TRONIC BA 200HP ABS 2L 4CIL 3P 5OCUP,AUTO,1
ZURICH,32880,AUDI,A3,2007,AMBIENTE R16 HB STD BA QC 150HP ABS 2L 4CIL 3P 5OCUP,MANUAL,1
ZURICH,32881,AUDI,A3,2007,SPORTBACK ATTRACTION FSI TUR HB STD BA 200HP ABS 2L 4CIL 5P 5OCUP,MANUAL,1
ZURICH,60675,AUDI,A3,2007,X ANIV. TUR HB STD BA 200HP ABS 2L 4CIL 3P 5OCUP,MANUAL,1
ZURICH,32882,AUDI,A3,2008,QUATTRO HB STD 250HP 3.2L 6CIL 3P 5OCUP,MANUAL,1
ZURICH,32883,AUDI,A3,2008,SPORTBACK QUATTRO HB STD BA 250HP ABS 3.2L 6CIL 5P 5OCUP,MANUAL,1
ZURICH,32884,AUDI,A3,2008,QUATTRO HB S TRONIC 250HP 3.2L 6CIL 3P 5OCUP,AUTO,1
ZURICH,32885,AUDI,A3,2008,SLINE FSI HB STD 200HP 2L 4CIL 3P 5OCUP,MANUAL,1
ZURICH,32886,AUDI,A3,2008,SLINE FSI TUR HB S TRONIC 200HP 2L 4CIL 3P 5OCUP,AUTO,1
ZURICH,32887,AUDI,A3,2008,AMBIENTE FSI TUR HB STD 160HP 1.8L 4CIL 3P 5OCUP,MANUAL,1
ZURICH,32888,AUDI,A3,2008,AMBIENTE FSI TUR HB S TRONIC 160HP 1.8L 4CIL 3P 5OCUP,AUTO,1
ZURICH,32889,AUDI,A3,2008,ATTRACTION FSI HB STD 160HP 1.8L 4CIL 3P 5OCUP,MANUAL,1
ZURICH,32890,AUDI,A3,2008,ATTRACTION FSI TUR HB S TRONIC 160HP 1.8L 4CIL 3P 5OCUP,AUTO,1
ZURICH,32891,AUDI,A3,2008,ATTRACTION PLUS HB STD 160HP 1.8L 4CIL 3P 5OCUP,MANUAL,1
ZURICH,32892,AUDI,A3,2008,ATTRACTION PLUS TUR HB S TRONIC 160HP 1.8L 4CIL 3P 5OCUP,AUTO,1
ZURICH,32893,AUDI,A3,2008,ATTRACTION FSI TUR HB STD 200HP 2L 4CIL 3P 5OCUP,MANUAL,1
ZURICH,32894,AUDI,A3,2008,ATTRACTION FSI TUR HB S TRONIC 200HP 2L 4CIL 3P 5OCUP,AUTO,1